trip_id,segment_id,trip_len_km,trip_duration_min,avg_speed_kph,std_speed,jerk_std,hard_brake_rate,hard_accel_rate,pct_time_speeding,max_speed_over_kph
1757737014_000013__1149664691,1757737014_000013,0.449,0.65,40.59,1.773,4.012,11.147,4.459,0.41,28.04
1757737581_000135__1749090055,1757737581_000135,0.334,0.48,30.32,1.436,3.173,2.99,2.99,0.034,27.03
1757737014_000027__163868757,1757737014_000027,0.345,0.5,30.17,1.146,2.416,0.0,2.901,0.033,20.27
1757737581_000076__1426778249,1757737581_000076,0.364,0.53,33.73,1.222,3.473,2.747,5.494,0.062,21.05
1757737014_000013__685744792,1757737014_000013,0.449,0.65,40.19,1.528,3.747,11.147,4.459,0.308,31.33
1757737581_000025__1433644589,1757737581_000025,0.285,0.42,64.2,1.753,3.357,7.01,7.01,1.0,53.08
1757737581_000001__703416220,1757737581_000001,0.368,0.55,22.61,0.647,1.63,0.0,0.0,0.0,6.44
1757737581_000050__376297091,1757737581_000050,0.422,0.62,30.8,4.966,4.407,2.37,7.109,0.297,27.36
1757737581_000035__300119278,1757737581_000035,0.329,0.48,27.62,1.178,3.027,6.072,6.072,0.0,13.35
1757737581_000019__1925527091,1757737581_000019,0.112,0.17,41.57,2.637,4.698,8.898,8.898,0.1,27.65
1757737014_000011__398420760,1757737014_000011,0.406,0.58,26.68,6.157,4.561,7.393,7.393,0.4,28.72
1757737014_000036__542238321,1757737014_000036,0.253,0.38,48.18,2.011,4.074,7.89,7.89,0.217,36.25
1757737014_000005__1253277957,1757737014_000005,0.398,0.58,24.32,0.84,2.033,0.0,0.0,0.429,14.65
1757737581_000085__2048370340,1757737581_000085,0.179,0.27,15.75,4.405,3.628,5.59,0.0,0.0,11.85
1757737581_000059__157811446,1757737581_000059,0.2,0.3,49.79,0.784,1.852,0.0,0.0,0.0,10.23
1757737581_000017__1475158736,1757737581_000017,0.406,0.58,61.35,1.867,5.461,19.708,14.781,1.0,48.22
1757737581_000144__2074302837,1757737581_000144,0.388,0.57,50.6,2.074,5.72,12.901,18.062,0.0,14.11
1757737581_000149__1354044933,1757737581_000149,0.106,0.17,73.54,2.312,5.561,18.801,18.801,0.0,31.53
1757737581_000040__1865676552,1757737581_000040,0.306,0.45,34.5,0.936,1.822,0.0,0.0,0.63,21.97
1757737581_000076__2087940236,1757737581_000076,0.364,0.53,34.52,1.032,1.761,0.0,0.0,0.031,18.08
1757737581_000110__1801722683,1757737581_000110,0.34,0.5,37.02,1.107,2.283,0.0,0.0,0.0,9.8
1757737581_000069__136757353,1757737581_000069,0.37,0.53,38.03,1.96,5.492,10.802,13.503,0.219,28.07
1757737581_000132__779385887,1757737581_000132,0.172,0.25,42.93,1.288,4.245,11.602,5.801,0.0,13.28
1757737581_000148__354806227,1757737581_000148,0.246,0.37,35.26,1.86,4.885,8.139,8.139,0.0,9.04
1757737581_000107__1124797188,1757737581_000107,0.245,0.37,47.44,1.812,4.697,8.153,12.229,0.955,38.13
1757737581_000024__1447043854,1757737581_000024,0.205,0.3,69.96,2.777,5.492,24.377,19.502,1.0,59.18
1757737581_000039__314781495,1757737581_000039,0.298,0.43,26.77,1.139,2.617,0.0,3.352,0.0,8.53
1757737581_000055__1664968228,1757737581_000055,0.259,0.38,27.62,0.931,2.206,0.0,3.861,0.0,11.51
1757737581_000138__1443564729,1757737581_000138,0.362,0.53,23.81,5.184,4.181,5.524,2.762,0.031,19.47
1757737014_000048__378632674,1757737014_000048,0.376,0.55,27.83,5.217,4.829,5.326,7.988,0.212,22.99
1757737581_000099__1561286529,1757737581_000099,0.281,0.4,23.84,0.734,0.776,0.0,0.0,0.0,3.97
1757737581_000029__984104844,1757737581_000029,0.394,0.57,19.72,1.123,2.782,2.537,2.537,0.0,4.56
1757737581_000075__256522470,1757737581_000075,0.291,0.42,36.13,2.16,4.938,10.324,10.324,0.68,36.08
1757737581_000012__2125061714,1757737581_000012,0.398,0.58,35.22,1.072,2.831,2.512,5.024,0.0,10.61
1757737581_000100__1002330187,1757737581_000100,0.354,0.52,28.88,1.628,3.712,2.821,2.821,0.0,6.23
1757737581_000062__762742104,1757737581_000062,0.379,0.55,40.65,1.643,3.481,2.639,5.277,0.0,18.71
1757737581_000076__1909112625,1757737581_000076,0.364,0.53,27.03,1.177,2.602,2.747,5.494,0.0,8.91
1757737581_000131__1981251496,1757737581_000131,0.321,0.47,27.48,1.465,3.398,3.119,6.238,0.0,0.73
1757737014_000002__578650649,1757737014_000002,0.46,0.67,35.16,1.367,3.545,4.345,2.173,0.075,19.95
1757737014_000049__90232032,1757737014_000049,0.263,0.38,9.31,0.334,0.69,0.0,0.0,0.0,1.65
1757737581_000143__1512032631,1757737581_000143,0.276,0.42,44.0,1.749,3.68,10.868,7.245,0.0,18.92
1757737581_000008__1865169371,1757737581_000008,0.218,0.32,31.02,1.115,2.497,4.589,4.589,0.053,20.36
1757737581_000046__1526150,1757737581_000046,0.212,0.32,38.26,1.602,2.658,4.715,4.715,0.0,16.91
1757737581_000097__268902646,1757737581_000097,0.23,0.33,41.35,2.466,5.352,13.025,17.367,0.55,27.92
1757737581_000029__381345452,1757737581_000029,0.394,0.57,24.33,1.237,3.003,2.537,2.537,0.0,9.31
1757737581_000049__36770116,1757737581_000049,0.312,0.45,31.62,1.587,4.05,3.204,6.408,0.333,20.91
1757737581_000076__1621173299,1757737581_000076,0.364,0.53,12.49,5.218,4.252,8.241,8.241,0.094,24.08
1757737581_000078__1736056999,1757737581_000078,0.283,0.42,43.05,1.487,1.559,0.0,0.0,0.96,34.55
1757737581_000021__1127600778,1757737581_000021,0.294,0.43,54.82,1.499,4.122,10.2,13.599,0.346,27.77
1757737014_000008__1438086238,1757737014_000008,0.275,0.4,43.22,3.162,4.961,14.545,14.545,0.958,51.11
1757737581_000028__102186963,1757737581_000028,0.19,0.28,39.1,1.502,2.997,5.268,10.535,0.294,24.76
1757737581_000101__703767291,1757737581_000101,0.433,0.63,46.64,1.79,4.684,6.924,9.232,0.0,13.84
1757737014_000016__618407333,1757737014_000016,0.312,0.45,23.8,0.632,1.368,0.0,0.0,0.0,5.04
1757737581_000110__1009160262,1757737581_000110,0.34,0.5,46.4,1.862,4.649,5.885,14.713,0.033,26.45
1757737014_000020__245496928,1757737014_000020,0.396,0.57,43.69,1.48,3.803,5.048,5.048,0.0,23.84
1757737581_000071__1663048213,1757737581_000071,0.207,0.3,54.08,2.062,3.938,9.672,14.508,0.0,21.69
1757737581_000017__627663217,1757737581_000017,0.406,0.58,58.12,2.153,5.356,9.854,14.781,0.943,48.06
1757737581_000136__1250672469,1757737581_000136,0.37,0.55,50.15,1.69,3.657,8.106,8.106,0.939,35.73
1757737581_000152__1671855825,1757737581_000152,0.36,0.52,30.99,1.679,4.411,5.551,5.551,0.0,11.05
1757737014_000032__1450514897,1757737014_000032,0.276,0.4,34.75,1.281,3.627,7.239,7.239,0.0,11.9
1757737014_000030__716407904,1757737014_000030,0.396,0.57,25.56,1.313,3.353,5.049,5.049,0.0,12.84
1757737581_000089__1658914629,1757737581_000089,0.296,0.43,29.78,1.587,3.988,6.751,6.751,0.923,23.41
1757737014_000015__584183364,1757737014_000015,0.25,0.37,24.61,1.532,3.81,4.004,4.004,0.0,5.28
1757737581_000110__88529382,1757737581_000110,0.34,0.5,32.73,1.184,3.324,2.943,8.828,0.0,5.72
1757737581_000054__1937669098,1757737581_000054,0.145,0.22,5.97,3.927,5.368,6.905,0.0,0.077,18.69
1757737581_000048__121367356,1757737581_000048,0.34,0.48,24.72,1.201,2.895,2.941,2.941,0.0,6.07
1757737581_000072__1395247246,1757737581_000072,0.32,0.47,23.26,0.88,1.915,0.0,0.0,0.286,14.64
1757737581_000071__590006093,1757737581_000071,0.207,0.3,50.5,1.143,2.155,4.836,0.0,0.0,14.19
1757737581_000067__450016052,1757737581_000067,0.318,0.48,45.71,1.679,3.976,6.28,9.421,0.0,9.87
1757737581_000124__1584845280,1757737581_000124,0.28,0.42,64.25,1.9,5.279,10.729,17.881,1.0,46.54
1757737581_000084__1460636137,1757737581_000084,0.398,0.58,30.52,0.764,1.535,0.0,0.0,0.0,-8.45
1757737581_000008__1044704745,1757737581_000008,0.218,0.32,33.08,1.509,3.74,4.589,9.179,0.0,16.25
1757737581_000021__1136227580,1757737581_000021,0.294,0.43,34.14,1.183,3.381,6.8,3.4,0.0,7.15
1757737014_000011__345151354,1757737014_000011,0.406,0.58,42.78,1.747,3.468,7.393,7.393,0.514,31.33
1757737581_000068__856843158,1757737581_000068,0.219,0.33,32.2,1.468,4.006,9.145,9.145,0.0,8.27
1757737014_000004__833925005,1757737014_000004,0.439,0.63,53.57,1.705,4.306,9.115,9.115,0.026,30.64
1757737581_000083__991828343,1757737581_000083,0.362,0.53,41.58,1.462,2.369,2.766,5.532,0.5,28.69
1757737581_000092__1361625770,1757737581_000092,0.208,0.32,37.6,1.482,3.05,4.813,9.625,0.158,24.83
1757737581_000026__573239078,1757737581_000026,0.204,0.3,40.1,1.582,3.743,0.0,9.78,0.0,16.71
1757737581_000075__581736068,1757737581_000075,0.291,0.42,32.48,1.928,4.226,6.883,6.883,0.4,35.21
1757737581_000062__2114356294,1757737581_000062,0.379,0.55,39.37,5.816,5.242,7.916,7.916,0.0,13.51
1757737581_000040__121223708,1757737581_000040,0.306,0.45,23.56,0.76,2.001,0.0,0.0,0.0,8.55
1757737581_000121__2087869318,1757737581_000121,0.425,0.62,23.87,0.673,1.559,0.0,0.0,0.0,3.28
1757737581_000040__962716095,1757737581_000040,0.306,0.45,35.87,0.854,2.126,0.0,3.272,0.778,22.3
1757737581_000067__541622121,1757737581_000067,0.318,0.48,45.9,1.581,4.244,9.421,9.421,0.0,14.21
1757737581_000101__25600719,1757737581_000101,0.433,0.63,58.76,2.469,5.708,20.772,18.464,0.0,28.22
1757737581_000141__2123751484,1757737581_000141,0.438,0.63,39.47,3.53,4.084,11.415,9.132,0.526,31.33
1757737581_000117__525344606,1757737581_000117,0.38,0.55,26.05,5.577,4.97,10.519,2.63,0.273,25.39
1757737014_000013__1548961530,1757737014_000013,0.449,0.65,39.97,1.437,3.224,8.917,4.459,0.308,23.7
1757737581_000056__1554095581,1757737581_000056,0.185,0.28,34.86,0.836,2.062,0.0,0.0,0.0,-0.09
1757737581_000046__1355090635,1757737581_000046,0.212,0.32,37.11,1.071,3.293,0.0,9.431,0.0,15.21
1757737014_000055__1928641535,1757737014_000055,0.305,0.47,8.09,3.077,3.025,3.275,3.275,0.071,14.45
1757737581_000146__826652695,1757737581_000146,0.234,0.35,26.19,0.688,1.475,0.0,0.0,0.0,5.28
1757737014_000046__1642285934,1757737014_000046,0.283,0.42,24.15,0.927,2.411,0.0,0.0,0.0,4.94
1757737014_000015__1781240437,1757737014_000015,0.25,0.37,34.37,1.452,3.744,4.004,12.011,0.045,17.52
1757737581_000067__1140224592,1757737581_000067,0.318,0.48,32.3,1.076,2.866,0.0,3.14,0.0,-3.73
1757737014_000044__1616644242,1757737014_000044,0.328,0.5,30.02,1.771,3.906,6.1,12.2,0.0,13.6
1757737014_000017__1270876523,1757737014_000017,0.442,0.63,27.67,5.613,4.155,4.526,2.263,0.316,25.67
1757737581_000006__1383984549,1757737581_000006,0.372,0.55,42.6,1.459,3.697,8.06,8.06,0.515,37.49
1757737581_000036__221637141,1757737581_000036,0.274,0.4,40.83,1.427,2.958,7.306,3.653,0.375,29.05
1757737581_000038__1282108366,1757737581_000038,0.214,0.32,31.88,1.724,3.27,4.67,9.339,0.105,19.9
1757737581_000058__1394554990,1757737581_000058,0.288,0.43,38.09,1.459,3.596,10.421,6.947,0.0,7.98
1757737581_000104__1913076789,1757737581_000104,0.198,0.3,34.73,1.036,1.695,0.0,0.0,0.0,16.12
1757737581_000051__1477697987,1757737581_000051,0.372,0.53,24.31,0.805,1.642,0.0,0.0,0.0,-10.32
1757737581_000115__1956298312,1757737581_000115,0.326,0.47,34.53,0.889,2.035,0.0,0.0,0.0,16.23
1757737581_000086__1181207361,1757737581_000086,0.254,0.37,30.73,1.384,3.991,7.863,7.863,0.0,16.68
1757737014_000012__782568106,1757737014_000012,0.335,0.48,33.21,0.91,2.373,0.0,2.986,0.0,10.24
1757737014_000005__1838761317,1757737014_000005,0.398,0.58,16.08,0.532,1.437,0.0,0.0,0.0,4.26
1757737581_000066__566460619,1757737581_000066,0.26,0.38,53.43,1.687,4.676,11.543,15.391,0.217,27.77
1757737581_000075__183653117,1757737581_000075,0.291,0.42,22.23,0.802,1.622,0.0,0.0,0.0,7.98
1757737581_000077__607960179,1757737581_000077,0.282,0.42,39.63,7.284,7.116,10.64,10.64,0.0,18.52
1757737581_000033__948573615,1757737581_000033,0.208,0.3,40.93,1.694,2.453,0.0,4.817,0.222,31.33
1757737014_000008__1990314986,1757737014_000008,0.275,0.4,27.43,5.501,5.404,3.636,10.909,0.667,34.78
1757737581_000092__1240001037,1757737581_000092,0.208,0.32,30.3,0.659,1.453,0.0,0.0,0.0,10.32
1757737581_000087__59862916,1757737581_000087,0.313,0.47,32.61,1.141,2.983,3.193,3.193,1.0,32.6
1757737581_000125__1660008630,1757737581_000125,0.288,0.42,51.92,2.106,5.004,13.892,13.892,0.96,37.77
1757737581_000115__269018018,1757737581_000115,0.326,0.47,27.08,1.031,2.133,0.0,3.065,0.0,11.53
1757737581_000003__1224462726,1757737581_000003,0.401,0.58,45.8,2.068,5.112,9.98,17.466,0.314,27.12
1757737581_000045__1535990594,1757737581_000045,0.211,0.32,31.46,1.389,2.676,4.743,4.743,0.0,6.23
1757737014_000011__55707095,1757737014_000011,0.406,0.58,23.83,0.993,2.644,2.464,2.464,0.0,13.04
1757737581_000111__707679790,1757737581_000111,0.403,0.58,44.52,2.057,5.133,12.416,12.416,0.914,37.31
1757737014_000011__1157278043,1757737014_000011,0.406,0.58,45.58,1.351,4.046,9.858,7.393,0.657,31.33
1757737014_000042__833469153,1757737014_000042,0.303,0.43,32.53,1.255,2.924,3.303,3.303,0.423,20.46
1757737581_000066__2007431411,1757737581_000066,0.26,0.38,48.45,2.311,4.547,11.543,11.543,0.0,23.0
1757737581_000011__395818747,1757737581_000011,0.392,0.57,27.7,1.085,2.382,2.549,2.549,0.0,13.86
1757737581_000052__1199581640,1757737581_000052,0.402,0.58,17.93,3.88,2.997,2.486,2.486,0.0,11.47
1757737014_000049__291091063,1757737014_000049,0.263,0.38,13.23,0.377,0.813,0.0,0.0,0.0,6.75
1757737581_000039__1745530364,1757737581_000039,0.298,0.43,19.6,5.521,5.186,3.352,3.352,0.154,21.68
1757737581_000141__1926532626,1757737581_000141,0.438,0.63,44.43,1.499,3.81,4.566,9.132,0.658,31.33
1757737014_000015__1858257138,1757737014_000015,0.25,0.37,27.59,0.842,2.171,0.0,0.0,0.0,8.68
1757737581_000106__1872656120,1757737581_000106,0.242,0.37,24.94,0.835,1.657,0.0,0.0,0.0,5.75
1757737581_000030__660771030,1757737581_000030,0.424,0.62,35.56,1.429,3.395,4.714,2.357,0.595,36.33
1757737014_000034__835198961,1757737014_000034,0.274,0.42,25.26,4.505,3.994,7.299,3.65,0.0,13.94
1757737581_000000__161304634,1757737581_000000,0.309,0.45,44.43,1.233,2.629,0.0,3.232,0.741,29.93
1757737014_000053__315422061,1757737014_000053,0.283,0.43,51.76,1.772,3.738,10.593,10.593,0.923,37.77
1757737014_000006__47056236,1757737014_000006,0.425,0.62,10.92,2.827,2.8,4.703,4.703,0.0,-0.74
1757737581_000106__1382632883,1757737581_000106,0.242,0.37,35.45,1.564,3.722,16.558,0.0,0.136,23.13
1757737014_000007__179708714,1757737014_000007,0.404,0.58,36.95,1.423,3.277,2.476,2.476,1.0,41.33
1757737581_000126__1871161951,1757737581_000126,0.288,0.43,32.9,0.885,2.603,0.0,0.0,0.462,18.19
1757737581_000013__798554464,1757737581_000013,0.173,0.25,55.01,1.425,2.821,5.77,0.0,0.0,14.89
1757737014_000028__1213534323,1757737014_000028,0.307,0.45,63.43,1.883,3.815,16.284,3.257,0.667,38.22
1757737581_000103__1395065736,1757737581_000103,0.367,0.53,40.01,1.094,2.66,2.726,5.452,0.0,11.07
1757737581_000070__111524369,1757737581_000070,0.349,0.52,16.05,5.078,4.841,11.463,11.463,0.032,28.69
1757737581_000031__656591728,1757737581_000031,0.219,0.33,23.55,0.873,2.126,0.0,0.0,0.0,4.42
1757737014_000057__1779354933,1757737014_000057,0.298,0.43,26.04,1.081,3.291,0.0,3.355,0.577,17.44
1757737581_000069__1866606566,1757737581_000069,0.37,0.53,44.79,2.664,4.009,13.503,8.102,0.719,30.31
1757737581_000082__811568986,1757737581_000082,0.236,0.35,29.6,0.64,1.657,0.0,0.0,0.0,9.88
1757737014_000019__2134312587,1757737014_000019,0.189,0.28,34.47,2.334,3.991,10.556,5.278,0.176,22.2
1757737014_000010__1231735652,1757737014_000010,0.258,0.38,33.46,0.909,2.093,0.0,0.0,0.0,14.86
1757737581_000060__458873925,1757737581_000060,0.204,0.3,65.48,2.214,4.948,14.741,19.654,0.444,40.06
1757737014_000031__1976133301,1757737014_000031,0.282,0.42,39.07,1.712,4.404,7.104,10.656,0.24,36.93
1757737581_000029__74829374,1757737581_000029,0.394,0.57,37.1,1.011,2.927,2.537,0.0,0.824,23.43
1757737581_000072__1516149739,1757737581_000072,0.32,0.47,40.44,1.427,3.213,6.242,3.121,0.964,32.93
1757737581_000031__916431975,1757737581_000031,0.219,0.33,27.46,0.962,2.288,0.0,0.0,0.0,7.98
1757737014_000012__454093776,1757737014_000012,0.335,0.48,39.09,1.32,2.588,2.986,0.0,0.0,19.14
1757737581_000151__407406593,1757737581_000151,0.293,0.43,33.13,0.878,2.129,0.0,3.413,0.0,13.61
1757737581_000109__1395281273,1757737581_000109,0.458,0.67,40.93,6.845,5.766,10.923,15.292,0.525,41.11
1757737014_000021__884553241,1757737014_000021,0.198,0.3,47.99,1.625,4.481,15.132,20.176,0.0,21.9
1757737014_000046__1798688150,1757737014_000046,0.283,0.42,36.26,4.617,5.342,10.605,7.07,0.4,28.77
1757737581_000060__603754148,1757737581_000060,0.204,0.3,67.33,1.738,4.842,9.827,9.827,0.444,43.69
1757737014_000001__698215631,1757737014_000001,0.28,0.42,40.31,1.553,3.287,10.71,3.57,0.24,30.17
1757737581_000142__370684068,1757737581_000142,0.319,0.47,11.9,4.506,3.379,3.136,6.273,0.0,12.54
1757737014_000008__421814565,1757737014_000008,0.275,0.4,12.77,6.218,6.33,3.636,3.636,0.25,47.09
1757737014_000056__1965404113,1757737014_000056,0.204,0.3,42.1,1.412,3.651,4.892,9.784,0.333,28.27
1757737014_000051__1738026231,1757737014_000051,0.275,0.4,42.8,1.55,3.78,10.916,10.916,0.542,26.11
1757737014_000014__651535666,1757737014_000014,0.348,0.52,37.02,1.368,4.103,11.497,5.748,0.0,15.62
1757737581_000057__387781232,1757737581_000057,0.452,0.65,34.91,1.396,3.316,6.633,2.211,0.026,29.96
1757737581_000110__176860201,1757737581_000110,0.34,0.5,47.86,2.006,4.973,11.77,14.713,0.033,25.56
1757737581_000051__886262982,1757737581_000051,0.372,0.53,33.83,1.255,3.337,5.376,2.688,0.0,5.89
1757737581_000000__1009888691,1757737581_000000,0.309,0.45,34.24,1.477,4.885,12.929,9.697,0.037,18.12
1757737581_000049__1466548162,1757737581_000049,0.312,0.45,26.85,1.446,3.492,3.204,3.204,0.037,14.69
1757737014_000036__383983237,1757737014_000036,0.253,0.38,57.84,1.963,4.499,15.781,7.89,0.826,42.27
1757737014_000002__1252780513,1757737014_000002,0.46,0.67,36.85,1.847,3.727,8.691,15.208,0.175,31.33
1757737581_000110__1721043133,1757737581_000110,0.34,0.5,36.92,1.639,3.851,5.885,5.885,0.0,11.25
1757737581_000140__983129415,1757737581_000140,0.234,0.35,46.29,1.887,3.987,4.274,12.821,0.0,22.61
1757737014_000015__248915414,1757737014_000015,0.25,0.37,38.13,1.273,2.588,4.004,4.004,0.136,23.66
1757737014_000016__473856001,1757737014_000016,0.312,0.45,32.66,1.349,2.882,3.201,3.201,0.037,19.81
1757737581_000012__1007054668,1757737581_000012,0.398,0.58,56.73,1.962,5.059,12.56,15.072,0.371,37.03
1757737581_000081__3455332,1757737581_000081,0.385,0.57,49.03,1.39,3.152,5.194,0.0,0.912,35.06
1757737581_000093__1130704143,1757737581_000093,0.234,0.35,30.89,1.075,2.919,8.541,4.271,0.0,7.12
1757737581_000081__1579452166,1757737581_000081,0.385,0.57,33.98,1.028,2.71,2.597,2.597,0.0,14.95
1757737581_000099__559423935,1757737581_000099,0.281,0.4,24.04,0.75,1.956,3.565,0.0,0.0,6.07
1757737581_000045__142687011,1757737581_000045,0.211,0.32,25.61,1.217,2.442,0.0,4.743,0.0,3.74
1757737581_000013__1502617081,1757737581_000013,0.173,0.25,82.14,3.508,8.399,28.852,23.081,0.533,49.23
1757737581_000115__14115572,1757737581_000115,0.326,0.47,41.5,1.749,4.154,12.26,3.065,0.5,28.6
1757737581_000028__12450588,1757737581_000028,0.19,0.28,44.24,1.193,3.747,10.535,15.803,0.529,27.98
1757737581_000014__343103143,1757737581_000014,0.379,0.55,14.14,3.846,2.754,2.636,2.636,0.0,1.19
1757737581_000123__788827372,1757737581_000123,0.09,0.13,36.33,0.827,2.17,0.0,0.0,0.0,0.83
1757737581_000022__1910050128,1757737581_000022,0.265,0.4,18.38,3.501,3.752,7.55,7.55,0.042,18.16
1757737014_000026__853519359,1757737014_000026,0.242,0.35,44.9,2.325,6.591,24.794,12.397,0.0,6.47
1757737581_000101__303261145,1757737581_000101,0.433,0.63,39.4,1.327,2.826,4.616,4.616,0.0,6.04
1757737014_000052__1538745779,1757737014_000052,0.39,0.57,29.0,1.006,1.861,0.0,0.0,0.0,11.97
1757737581_000138__2065303571,1757737581_000138,0.362,0.53,35.5,1.191,2.51,0.0,2.762,0.094,22.1
1757737581_000106__701607390,1757737581_000106,0.242,0.37,37.63,1.331,3.798,4.14,12.419,0.136,20.68
1757737014_000006__1118255742,1757737014_000006,0.425,0.62,25.4,1.085,2.653,2.352,4.703,0.0,14.52
1757737014_000007__693016623,1757737014_000007,0.404,0.58,33.54,1.295,3.004,4.952,4.952,1.0,35.42
1757737014_000049__1569896890,1757737014_000049,0.263,0.38,10.1,0.713,1.967,3.805,3.805,0.043,10.06
1757737014_000025__585759543,1757737014_000025,0.358,0.52,31.97,1.102,2.398,2.793,0.0,0.387,18.82
1757737581_000093__435487476,1757737581_000093,0.234,0.35,43.33,1.255,2.704,4.271,4.271,0.048,25.16
1757737014_000031__316075807,1757737014_000031,0.282,0.42,55.42,1.664,4.22,10.656,14.209,1.0,40.39
1757737014_000014__1094577023,1757737014_000014,0.348,0.52,38.63,1.326,3.378,5.748,5.748,0.0,17.91
1757737014_000033__1082640095,1757737014_000033,0.434,0.63,26.94,3.362,2.806,2.303,2.303,0.0,8.38
1757737014_000023__1116618079,1757737014_000023,0.406,0.58,29.63,2.617,2.515,2.463,0.0,0.0,14.6
1757737581_000141__512724649,1757737581_000141,0.438,0.63,30.07,5.816,3.529,6.849,6.849,0.447,29.1
1757737581_000075__519490682,1757737581_000075,0.291,0.42,33.49,1.333,1.7,0.0,0.0,0.36,23.85
1757737581_000012__1324620116,1757737581_000012,0.398,0.58,26.96,4.203,4.357,2.512,5.024,0.0,13.05
1757737014_000060__22981251,1757737014_000060,0.22,0.32,28.15,0.961,1.998,0.0,0.0,0.0,5.16
1757737581_000153__486384877,1757737581_000153,0.28,0.42,36.53,1.066,2.744,7.139,3.57,0.08,22.91
1757737014_000025__1893838210,1757737014_000025,0.358,0.52,26.59,2.982,3.215,5.585,0.0,0.161,18.0
1757737581_000038__1540899014,1757737581_000038,0.214,0.32,28.09,1.719,4.944,4.67,4.67,0.0,14.34
1757737014_000046__568242392,1757737014_000046,0.283,0.42,14.71,4.139,4.69,7.07,7.07,0.0,11.46
1757737014_000000__1783955384,1757737014_000000,0.248,0.37,49.96,1.437,3.828,4.033,8.066,0.409,30.67
1757737581_000000__18351889,1757737581_000000,0.309,0.45,39.52,1.209,2.472,0.0,3.232,0.185,25.82
1757737581_000045__556809612,1757737581_000045,0.211,0.32,47.43,0.852,2.099,0.0,4.743,0.0,19.26
1757737014_000021__750123506,1757737014_000021,0.198,0.3,29.03,0.766,1.684,0.0,0.0,0.0,-1.3
1757737581_000007__1809480781,1757737581_000007,0.356,0.52,34.92,1.214,2.64,2.81,2.81,0.032,17.44
1757737581_000138__1675606451,1757737581_000138,0.362,0.53,35.8,1.231,3.078,5.524,5.524,0.094,19.54
1757737581_000017__278822971,1757737581_000017,0.406,0.58,48.21,2.131,4.513,14.781,17.244,0.829,37.12
1757737014_000006__524054458,1757737014_000006,0.425,0.62,26.86,4.308,3.738,2.352,0.0,0.027,17.76
1757737581_000084__1690879990,1757737581_000084,0.398,0.58,38.09,1.414,3.921,7.533,10.043,0.0,4.26
1757737581_000084__230039531,1757737581_000084,0.398,0.58,21.11,3.264,2.689,2.511,2.511,0.0,-13.37
1757737581_000111__807434054,1757737581_000111,0.403,0.58,21.63,3.037,3.193,4.967,4.967,0.029,28.53
1757737581_000018__1452635623,1757737581_000018,0.379,0.55,38.54,1.33,3.877,5.272,7.907,0.0,5.82
1757737581_000109__623914939,1757737581_000109,0.458,0.67,52.71,2.299,5.654,15.292,13.107,0.625,43.22
1757737581_000011__858839786,1757737581_000011,0.392,0.57,30.86,1.525,3.615,2.549,2.549,0.0,14.01
1757737014_000054__2136720457,1757737014_000054,0.233,0.35,53.7,2.28,6.278,17.192,21.491,0.0,25.69
1757737581_000047__282017276,1757737581_000047,0.411,0.6,34.43,1.026,2.449,0.0,2.432,0.0,-7.66
1757737581_000143__661241790,1757737581_000143,0.276,0.42,29.5,1.19,3.191,3.623,3.623,0.0,2.48
1757737581_000109__203336902,1757737581_000109,0.458,0.67,29.48,0.862,2.304,2.185,0.0,0.0,6.05
1757737014_000056__269427481,1757737014_000056,0.204,0.3,43.46,1.121,2.639,9.784,4.892,0.611,27.78
1757737581_000087__815268726,1757737581_000087,0.313,0.47,40.5,1.418,3.657,3.193,9.578,1.0,36.72
1757737581_000084__1864131952,1757737581_000084,0.398,0.58,20.51,3.727,2.713,2.511,2.511,0.0,-9.14
1757737581_000075__1568211007,1757737581_000075,0.291,0.42,19.69,1.559,3.618,6.883,6.883,0.04,16.14
1757737581_000151__928516739,1757737581_000151,0.293,0.43,33.18,1.983,4.658,10.239,3.413,0.077,22.47
1757737581_000051__183531379,1757737581_000051,0.372,0.53,15.83,3.704,3.423,2.688,2.688,0.0,-6.96
1757737581_000018__134154539,1757737581_000018,0.379,0.55,69.17,2.356,3.949,7.907,18.451,0.576,43.69
1757737581_000111__153054709,1757737581_000111,0.403,0.58,37.56,1.483,3.845,7.45,7.45,0.8,27.93
1757737581_000103__423533512,1757737581_000103,0.367,0.53,50.05,1.633,4.198,10.903,13.629,0.0,22.85
1757737014_000012__1768592884,1757737014_000012,0.335,0.48,26.9,0.73,1.623,0.0,0.0,0.0,3.64
1757737581_000126__2029363534,1757737581_000126,0.288,0.43,43.06,1.911,4.225,6.945,6.945,0.962,36.83
1757737581_000037__1433483006,1757737581_000037,0.272,0.4,31.31,1.29,2.866,3.672,11.015,0.0,-1.13
1757737014_000046__1738191448,1757737014_000046,0.283,0.42,33.38,1.613,3.704,7.07,3.535,0.04,21.77
1757737581_000107__446387419,1757737581_000107,0.245,0.37,38.83,1.179,2.647,8.153,0.0,0.864,26.21
1757737014_000011__927680729,1757737014_000011,0.406,0.58,43.04,1.945,4.555,14.786,9.858,0.571,31.33
1757737581_000107__583851836,1757737581_000107,0.245,0.37,43.69,1.481,2.859,8.153,0.0,1.0,42.65
1757737581_000119__1296919949,1757737581_000119,0.336,0.48,43.97,1.167,2.819,2.979,5.959,0.724,27.37
1757737581_000069__1807329112,1757737581_000069,0.37,0.53,27.24,1.114,2.825,2.701,2.701,0.031,18.22
1757737581_000006__1218362777,1757737581_000006,0.372,0.55,30.53,5.707,5.773,10.746,10.746,0.394,27.62
1757737014_000047__393522700,1757737014_000047,0.471,0.68,30.96,6.75,6.437,12.737,6.368,0.585,42.77
1757737014_000000__618586554,1757737014_000000,0.248,0.37,49.13,1.421,3.774,8.066,8.066,0.364,27.0
1757737581_000133__434354710,1757737581_000133,0.249,0.37,25.15,0.814,1.85,0.0,0.0,0.0,-9.16
1757737581_000106__1057812300,1757737581_000106,0.242,0.37,26.93,0.811,1.709,0.0,0.0,0.0,7.3
1757737581_000143__2059010148,1757737581_000143,0.276,0.42,44.54,1.527,4.19,7.245,14.49,0.0,23.19
1757737581_000034__1272422175,1757737581_000034,0.259,0.38,44.61,1.466,3.702,11.584,7.723,1.0,36.33
1757737581_000131__1998873509,1757737581_000131,0.321,0.47,26.76,1.433,3.709,3.119,6.238,0.0,14.03
1757737581_000104__1220701063,1757737581_000104,0.198,0.3,29.15,1.614,3.006,5.048,5.048,0.0,12.62
1757737581_000076__1454381707,1757737581_000076,0.364,0.53,31.13,1.039,2.534,0.0,2.747,0.0,14.83
1757737014_000043__170412093,1757737014_000043,0.199,0.32,33.86,1.235,2.088,0.0,0.0,0.0,-3.21
1757737014_000013__415876578,1757737014_000013,0.449,0.65,24.76,5.296,4.671,6.688,4.459,0.154,31.33
1757737581_000144__1599667995,1757737581_000144,0.388,0.57,31.38,5.009,4.759,15.481,10.321,0.0,0.33
1757737581_000046__761077992,1757737581_000046,0.212,0.32,26.82,2.053,4.811,14.146,14.146,0.0,4.5
1757737581_000107__312834194,1757737581_000107,0.245,0.37,29.3,0.973,2.742,0.0,4.076,0.091,17.44
1757737581_000085__1647955571,1757737581_000085,0.179,0.27,39.82,1.288,2.628,0.0,0.0,0.312,24.0
1757737581_000068__427063584,1757737581_000068,0.219,0.33,32.12,1.244,2.758,4.572,4.572,0.0,12.25
1757737581_000063__995269384,1757737581_000063,0.2,0.3,37.25,1.543,3.341,5.004,10.008,0.0,10.96
1757737581_000142__2136876580,1757737581_000142,0.319,0.47,27.76,1.184,3.119,3.136,6.273,0.0,8.55
1757737581_000019__1787816465,1757737581_000019,0.112,0.17,29.95,1.132,2.595,8.898,0.0,0.0,-0.04
1757737581_000134__1148554316,1757737581_000134,0.078,0.13,56.75,1.415,3.991,12.752,12.752,0.0,16.0
1757737581_000112__2065399903,1757737581_000112,0.382,0.55,19.63,5.71,4.133,2.62,5.241,0.152,25.1
1757737014_000060__438576871,1757737014_000060,0.22,0.32,33.02,1.112,2.984,4.541,4.541,0.0,12.36
1757737581_000121__226505647,1757737581_000121,0.425,0.62,41.04,1.275,2.865,4.703,4.703,0.378,31.33
1757737581_000071__617236537,1757737581_000071,0.207,0.3,52.46,2.368,6.571,19.344,19.344,0.0,18.49
1757737014_000010__602597471,1757737014_000010,0.258,0.38,37.8,1.169,2.917,3.869,3.869,0.13,22.17
1757737581_000145__718292716,1757737581_000145,0.125,0.2,41.76,1.887,5.208,16.012,24.017,0.083,27.63
1757737581_000114__1715458660,1757737581_000114,0.248,0.37,7.61,4.52,4.903,8.058,4.029,0.0,8.87
1757737581_000146__768059869,1757737581_000146,0.234,0.35,27.05,1.776,4.124,8.539,8.539,0.048,17.6
1757737581_000081__1069553130,1757737581_000081,0.385,0.57,34.46,1.216,2.441,2.597,0.0,0.029,18.7
1757737581_000106__784463994,1757737581_000106,0.242,0.37,40.65,1.693,3.658,4.14,4.14,0.318,37.77
1757737581_000063__22509791,1757737581_000063,0.2,0.3,60.32,1.771,3.497,10.008,5.004,0.5,41.06
1757737014_000039__1188376779,1757737014_000039,0.256,0.38,32.04,0.825,2.26,0.0,0.0,1.0,21.41
1757737581_000112__1884487336,1757737581_000112,0.382,0.55,40.0,1.475,3.329,7.861,5.241,0.303,25.11
1757737014_000017__1833422451,1757737014_000017,0.442,0.63,37.68,1.054,2.358,0.0,0.0,0.079,20.8
1757737581_000059__1702135331,1757737581_000059,0.2,0.3,61.92,2.137,4.89,10.005,10.005,0.056,37.52
1757737014_000012__1844172076,1757737014_000012,0.335,0.48,25.3,0.873,2.469,2.986,0.0,0.0,2.68
1757737581_000045__379031043,1757737581_000045,0.211,0.32,29.6,1.227,2.26,0.0,4.743,0.0,7.49
1757737581_000052__1992188474,1757737581_000052,0.402,0.58,28.94,4.467,3.959,4.971,2.486,0.057,18.38
1757737014_000028__163233934,1757737014_000028,0.307,0.45,55.85,1.448,2.63,3.257,6.514,0.222,33.55
1757737581_000029__1568253841,1757737581_000029,0.394,0.57,11.58,3.266,2.468,2.537,2.537,0.0,9.69
1757737581_000138__1023554503,1757737581_000138,0.362,0.53,36.14,2.031,3.124,2.762,0.0,0.094,20.42
1757737581_000079__2044854148,1757737581_000079,0.386,0.57,23.13,1.363,3.643,2.589,5.177,0.0,-3.65
1757737581_000135__1465240854,1757737581_000135,0.334,0.48,33.05,1.736,3.993,5.979,5.979,0.034,26.67
1757737014_000059__140279074,1757737014_000059,0.259,0.38,36.04,1.399,4.517,7.717,15.434,0.652,25.43
1757737014_000032__1927516859,1757737014_000032,0.276,0.4,44.42,1.872,4.966,10.859,10.859,0.125,32.77
1757737581_000147__2013893019,1757737581_000147,0.334,0.48,20.19,3.278,3.153,2.997,5.994,0.0,-13.08
1757737581_000102__61186918,1757737581_000102,0.256,0.37,28.69,5.66,6.431,7.825,7.825,0.045,29.37
1757737581_000105__537018909,1757737581_000105,0.307,0.45,35.49,1.408,3.719,6.506,9.76,0.111,26.07
1757737581_000030__1334705625,1757737581_000030,0.424,0.62,24.57,0.868,1.919,2.357,2.357,0.0,12.9
1757737014_000018__1486028939,1757737014_000018,0.247,0.37,19.88,4.222,2.763,4.043,0.0,0.0,0.88
1757737581_000142__201468912,1757737581_000142,0.319,0.47,19.71,2.01,2.665,3.136,0.0,0.0,-3.71
1757737581_000081__552065972,1757737581_000081,0.385,0.57,26.95,0.659,1.904,0.0,0.0,0.0,6.83
1757737014_000002__2087645512,1757737014_000002,0.46,0.67,45.39,1.481,3.687,6.518,8.691,0.65,31.33
1757737581_000046__1716654910,1757737581_000046,0.212,0.32,28.0,0.512,0.921,0.0,0.0,0.0,1.74
1757737581_000066__275369881,1757737581_000066,0.26,0.38,29.79,1.636,3.628,3.848,3.848,0.0,1.63
1757737014_000048__787915689,1757737014_000048,0.376,0.55,25.07,3.113,3.928,5.326,7.988,0.0,12.38
1757737014_000058__1413429502,1757737014_000058,0.422,0.62,29.94,1.624,3.832,4.738,4.738,0.0,-10.67
1757737581_000045__2097243072,1757737581_000045,0.211,0.32,49.41,1.261,3.045,9.487,0.0,0.053,24.7
1757737581_000040__314585071,1757737581_000040,0.306,0.45,34.0,1.498,2.539,3.272,6.544,0.481,32.02
1757737581_000069__1613042927,1757737581_000069,0.37,0.53,19.95,6.353,5.374,5.401,8.102,0.344,29.46
1757737014_000050__1104492026,1757737014_000050,0.298,0.43,34.12,1.108,2.826,3.358,3.358,0.038,21.4
1757737581_000116__519906714,1757737581_000116,0.291,0.43,23.34,1.291,3.418,3.438,3.438,0.038,18.57
1757737014_000044__816135076,1757737014_000044,0.328,0.5,38.03,1.414,4.217,9.15,9.15,0.033,24.83
1757737014_000016__1813554846,1757737014_000016,0.312,0.45,33.09,1.311,2.849,6.402,3.201,0.0,16.51
1757737581_000104__1926280745,1757737581_000104,0.198,0.3,40.46,1.519,3.648,10.095,10.095,0.333,27.2
1757737581_000050__1921470997,1757737581_000050,0.422,0.62,31.27,1.329,2.962,4.739,4.739,0.054,23.15
1757737014_000010__1780745377,1757737014_000010,0.258,0.38,23.26,0.852,1.975,0.0,0.0,0.0,4.65
1757737014_000024__1284731033,1757737014_000024,0.399,0.57,27.52,0.887,2.35,2.505,0.0,0.029,14.27
1757737581_000039__1616727833,1757737581_000039,0.298,0.43,37.24,1.349,2.714,3.352,0.0,0.115,25.67
1757737581_000126__1427353133,1757737581_000126,0.288,0.43,32.09,0.754,1.511,0.0,0.0,0.308,17.06
1757737581_000028__271044666,1757737581_000028,0.19,0.28,30.69,2.366,2.729,10.535,0.0,0.0,15.05
1757737581_000094__796413138,1757737581_000094,0.388,0.57,46.33,1.673,3.806,12.886,5.154,0.0,22.67
1757737014_000006__1908652562,1757737014_000006,0.425,0.62,28.34,0.871,2.473,2.352,2.352,0.0,8.36
1757737581_000067__1380188856,1757737581_000067,0.318,0.48,46.17,1.535,3.527,9.421,9.421,0.0,13.63
1757737581_000150__878833390,1757737581_000150,0.265,0.38,40.38,1.526,2.393,11.302,0.0,0.957,33.03
1757737581_000012__1357544094,1757737581_000012,0.398,0.58,61.0,1.991,4.36,12.56,12.56,0.571,38.22
1757737581_000012__651575681,1757737581_000012,0.398,0.58,56.74,2.041,5.448,17.584,12.56,0.343,38.22
1757737581_000093__2025887206,1757737581_000093,0.234,0.35,45.62,2.473,5.591,17.082,17.082,0.238,29.52
1757737014_000057__148002831,1757737014_000057,0.298,0.43,40.32,1.444,3.537,3.355,6.711,1.0,37.08
1757737581_000059__668802611,1757737581_000059,0.2,0.3,69.2,2.249,5.715,15.008,15.008,0.167,40.39
1757737581_000023__1033896878,1757737581_000023,0.208,0.3,38.9,1.059,1.563,0.0,0.0,0.0,15.86
1757737581_000060__951924980,1757737581_000060,0.204,0.3,64.83,2.416,4.555,14.741,4.914,0.278,43.69
1757737581_000018__698621065,1757737581_000018,0.379,0.55,69.48,2.101,4.659,15.815,13.179,0.636,43.69
1757737581_000057__2071499209,1757737581_000057,0.452,0.65,21.51,2.872,2.962,2.211,2.211,0.0,6.15
1757737581_000023__2044534809,1757737581_000023,0.208,0.3,35.14,1.247,3.179,4.813,4.813,0.0,16.16
1757737581_000053__1989608930,1757737581_000053,0.313,0.47,37.07,1.956,5.021,6.389,15.972,0.25,22.35
1757737581_000008__1874142159,1757737581_000008,0.218,0.32,30.27,0.867,2.051,0.0,0.0,0.0,12.56
1757737581_000014__340697300,1757737581_000014,0.379,0.55,41.86,1.41,3.173,2.636,2.636,0.061,21.89
1757737581_000039__2001402282,1757737581_000039,0.298,0.43,34.2,1.647,4.432,6.704,10.056,0.038,17.65
1757737581_000095__1383418297,1757737581_000095,0.41,0.6,21.55,3.904,3.315,4.877,2.438,0.0,-10.52
1757737581_000083__555412354,1757737581_000083,0.362,0.53,17.13,3.54,2.322,2.766,0.0,0.0,6.91
1757737581_000137__246366805,1757737581_000137,0.418,0.62,23.99,0.696,1.847,0.0,0.0,0.0,4.01
1757737581_000117__1787747629,1757737581_000117,0.38,0.55,28.5,0.824,2.092,0.0,0.0,0.0,8.76
1757737581_000069__1907591505,1757737581_000069,0.37,0.53,24.25,1.053,2.239,2.701,2.701,0.0,15.67
1757737581_000095__1171283067,1757737581_000095,0.41,0.6,27.74,1.383,2.823,2.438,4.877,0.0,-8.15
1757737014_000060__1247985791,1757737014_000060,0.22,0.32,38.91,1.35,3.729,4.541,4.541,0.0,15.6
1757737581_000072__1019815319,1757737581_000072,0.32,0.47,28.22,1.008,3.247,3.121,0.0,0.679,18.6
1757737581_000045__356038965,1757737581_000045,0.211,0.32,41.49,2.169,4.767,4.743,14.23,0.0,18.55
1757737581_000037__271344245,1757737581_000037,0.272,0.4,35.07,1.703,4.048,7.343,7.343,0.0,8.77
1757737581_000058__579270942,1757737581_000058,0.288,0.43,35.1,1.201,2.495,0.0,3.474,0.0,4.26
1757737581_000027__551283529,1757737581_000027,0.278,0.4,39.56,1.361,3.585,3.595,10.785,0.333,25.14
1757737581_000143__1307000447,1757737581_000143,0.276,0.42,40.45,1.353,2.556,3.623,3.623,0.0,12.01
1757737014_000039__688522629,1757737014_000039,0.256,0.38,38.95,1.457,4.311,11.7,7.8,0.957,37.91
1757737581_000007__996461824,1757737581_000007,0.356,0.52,22.02,6.054,4.907,5.619,8.429,0.226,31.33
1757737581_000148__842608760,1757737581_000148,0.246,0.37,34.41,1.184,2.06,0.0,4.069,0.0,6.17
1757737014_000048__211251811,1757737014_000048,0.376,0.55,30.83,0.882,2.451,0.0,0.0,0.0,11.05
1757737581_000018__823816209,1757737581_000018,0.379,0.55,31.66,8.645,7.682,7.907,2.636,0.091,34.2
1757737581_000053__110590213,1757737581_000053,0.313,0.47,24.49,0.981,2.645,0.0,0.0,0.0,7.68
1757737014_000040__1430389193,1757737014_000040,0.403,0.58,33.99,2.761,4.223,7.445,2.482,0.114,21.13
1757737581_000109__692662257,1757737581_000109,0.458,0.67,28.57,1.36,3.468,2.185,2.185,0.0,5.11
1757737014_000010__431922543,1757737014_000010,0.258,0.38,24.52,4.17,3.716,3.869,3.869,0.0,14.76
1757737014_000010__1492199062,1757737014_000010,0.258,0.38,33.76,1.264,3.822,3.869,7.738,0.043,19.07
1757737014_000021__750559506,1757737014_000021,0.198,0.3,37.47,1.742,4.631,10.088,5.044,0.0,8.78
1757737581_000050__738913453,1757737581_000050,0.422,0.62,24.94,0.97,2.678,2.37,2.37,0.0,6.14
1757737581_000081__217860963,1757737581_000081,0.385,0.57,42.06,1.572,4.138,5.194,7.792,0.529,27.88
1757737581_000107__1018107946,1757737581_000107,0.245,0.37,25.06,0.683,1.248,0.0,0.0,0.0,9.12
1757737014_000026__1780049202,1757737014_000026,0.242,0.35,47.07,1.166,2.698,4.132,0.0,0.0,7.5
1757737014_000060__1317953603,1757737014_000060,0.22,0.32,33.69,1.506,4.26,9.083,9.083,0.0,9.28
1757737581_000054__549093664,1757737581_000054,0.145,0.22,25.73,0.773,1.811,0.0,0.0,0.0,6.11
1757737581_000033__1717186173,1757737581_000033,0.208,0.3,24.96,0.85,1.855,0.0,0.0,0.0,5.18
1757737581_000096__2093751237,1757737581_000096,0.256,0.38,38.16,1.472,3.717,11.708,7.805,0.217,24.05
1757737581_000049__1854879548,1757737581_000049,0.312,0.45,16.33,3.545,3.025,3.204,3.204,0.0,12.3
1757737581_000092__686011703,1757737581_000092,0.208,0.32,31.81,1.263,3.62,0.0,4.813,0.053,17.29
1757737014_000036__826527456,1757737014_000036,0.253,0.38,45.77,1.467,2.448,0.0,3.945,0.217,24.41
1757737581_000015__1894242429,1757737581_000015,0.335,0.5,35.17,1.402,3.362,2.987,5.974,0.1,20.46
1757737014_000037__847576468,1757737014_000037,0.295,0.43,34.39,1.933,5.111,13.552,16.94,0.154,21.36
1757737581_000074__724420995,1757737581_000074,0.244,0.37,49.68,1.69,4.054,16.419,4.105,0.818,38.15
1757737581_000066__509821494,1757737581_000066,0.26,0.38,28.29,0.99,1.95,0.0,0.0,0.0,-0.29
1757737581_000016__761139947,1757737581_000016,0.328,0.48,30.68,1.112,2.881,3.047,3.047,0.0,-3.63
1757737014_000004__2142534394,1757737014_000004,0.439,0.63,55.79,1.989,3.962,13.672,9.115,0.053,42.66
1757737581_000135__1740158472,1757737581_000135,0.334,0.48,44.08,1.323,3.146,0.0,5.979,0.586,28.49
1757737581_000080__995317058,1757737581_000080,0.216,0.33,28.71,0.83,2.276,0.0,4.62,0.0,11.6
1757737581_000097__1854575562,1757737581_000097,0.23,0.33,55.79,2.235,6.11,17.367,17.367,0.95,44.15
1757737014_000019__1152133723,1757737014_000019,0.189,0.28,27.01,1.405,3.088,5.278,5.278,0.0,10.36
1757737581_000082__1275934391,1757737581_000082,0.236,0.35,32.99,1.11,3.154,4.242,4.242,0.0,15.86
1757737014_000060__650561553,1757737014_000060,0.22,0.32,32.88,0.882,2.405,4.541,0.0,0.0,9.09
1757737014_000052__816627927,1757737014_000052,0.39,0.57,28.66,1.216,3.482,2.566,2.566,0.0,12.71
1757737581_000108__388808891,1757737581_000108,0.315,0.45,36.15,1.468,3.888,3.176,9.529,0.0,8.98
1757737581_000070__1299200523,1757737581_000070,0.349,0.52,23.06,4.512,3.062,2.866,2.866,0.0,16.53
1757737014_000018__796773036,1757737014_000018,0.247,0.37,30.35,1.294,3.132,8.085,8.085,0.0,6.81
1757737581_000021__309405309,1757737581_000021,0.294,0.43,34.02,1.469,2.864,3.4,3.4,0.0,7.72
1757737581_000078__1331978732,1757737581_000078,0.283,0.42,28.6,0.89,2.259,3.534,0.0,0.0,13.45
1757737581_000133__1936552427,1757737581_000133,0.249,0.37,27.98,6.59,6.312,16.05,12.038,0.0,15.6
1757737014_000006__607412205,1757737014_000006,0.425,0.62,34.69,1.286,3.022,7.055,4.703,0.027,19.91
1757737581_000024__546534066,1757737581_000024,0.205,0.3,71.27,2.45,6.64,14.626,24.377,1.0,56.08
1757737581_000146__2009053209,1757737581_000146,0.234,0.35,42.64,1.075,2.55,0.0,0.0,0.571,24.0
1757737581_000016__499744647,1757737581_000016,0.328,0.48,42.79,1.515,2.869,3.047,3.047,0.0,8.56
1757737581_000065__2060854454,1757737581_000065,0.188,0.28,26.55,0.874,2.432,0.0,0.0,0.0,-2.53
1757737581_000034__534387415,1757737581_000034,0.259,0.38,40.18,1.329,2.784,3.861,0.0,0.913,30.0
1757737581_000030__1093050486,1757737581_000030,0.424,0.62,21.09,1.051,2.769,2.357,2.357,0.027,17.53
1757737581_000085__396286512,1757737581_000085,0.179,0.27,25.47,0.898,1.644,0.0,0.0,0.0,4.26
1757737014_000002__1489297228,1757737014_000002,0.46,0.67,18.27,4.644,3.308,4.345,4.345,0.0,14.29
1757737581_000152__1933636471,1757737581_000152,0.36,0.52,32.13,0.898,2.246,2.776,2.776,0.0,7.9
1757737581_000038__646741145,1757737581_000038,0.214,0.32,37.89,2.212,4.701,4.67,9.339,0.211,25.05
1757737581_000000__770681776,1757737581_000000,0.309,0.45,31.15,0.933,2.111,0.0,0.0,0.0,13.22
1757737581_000111__1427384549,1757737581_000111,0.403,0.58,32.81,0.974,2.679,0.0,2.483,0.371,20.42
1757737581_000123__1946120992,1757737581_000123,0.09,0.13,43.47,1.28,3.119,11.171,11.171,0.0,11.51
1757737014_000036__1047331630,1757737014_000036,0.253,0.38,42.38,1.616,4.262,15.781,11.836,0.087,25.44
1757737581_000145__1839576560,1757737581_000145,0.125,0.2,39.48,1.708,3.454,8.006,8.006,0.0,18.41
1757737581_000035__691429786,1757737581_000035,0.329,0.48,33.77,1.399,3.245,6.072,3.036,0.034,24.92
1757737581_000085__1572970222,1757737581_000085,0.179,0.27,21.16,0.672,1.112,0.0,0.0,0.0,0.04
1757737581_000135__1698657184,1757737581_000135,0.334,0.48,46.38,1.6,3.563,8.969,2.99,0.759,31.33
1757737581_000118__1858948292,1757737581_000118,0.359,0.52,40.09,1.704,3.074,8.36,5.573,0.097,26.33
1757737581_000105__24308195,1757737581_000105,0.307,0.45,36.75,1.344,2.778,3.253,3.253,0.148,21.31
1757737014_000059__2039154229,1757737014_000059,0.259,0.38,36.0,1.196,2.842,3.858,7.717,0.652,24.36
1757737581_000111__985995810,1757737581_000111,0.403,0.58,46.83,1.552,3.817,2.483,7.45,0.971,38.01
1757737581_000092__1476988913,1757737581_000092,0.208,0.32,43.46,1.844,3.755,14.438,9.625,0.579,29.78
1757737581_000145__1375772506,1757737581_000145,0.125,0.2,49.15,1.763,3.169,16.012,8.006,0.417,28.27
1757737014_000000__2002540973,1757737014_000000,0.248,0.37,51.58,1.935,5.018,12.099,16.132,0.591,32.77
1757737581_000055__232601122,1757737581_000055,0.259,0.38,18.41,2.773,3.294,3.861,3.861,0.0,2.79
1757737014_000005__1114634158,1757737014_000005,0.398,0.58,21.82,1.577,3.84,7.529,7.529,0.143,22.2
1757737581_000144__1163356234,1757737581_000144,0.388,0.57,50.83,1.996,3.794,12.901,7.741,0.0,20.23
1757737581_000064__782982029,1757737581_000064,0.272,0.4,48.26,2.044,4.306,14.686,11.014,0.0,17.77
1757737581_000136__683725566,1757737581_000136,0.37,0.55,58.3,2.256,6.383,10.808,18.915,0.939,48.47
1757737581_000074__538145064,1757737581_000074,0.244,0.37,31.69,1.599,3.873,12.314,4.105,0.0,15.42
1757737581_000103__1187596792,1757737581_000103,0.367,0.53,44.07,1.56,2.606,8.178,5.452,0.0,16.32
1757737581_000041__2037586312,1757737581_000041,0.436,0.63,16.29,7.13,6.964,4.589,4.589,0.0,24.11
1757737581_000036__1801226675,1757737581_000036,0.274,0.4,30.52,0.903,1.589,0.0,0.0,0.0,11.01
1757737581_000139__1396087655,1757737581_000139,0.392,0.58,38.13,1.103,2.815,2.549,2.549,0.171,21.16
1757737014_000034__322382927,1757737014_000034,0.274,0.42,35.06,1.137,2.926,0.0,3.65,0.0,8.65
1757737581_000128__1881880499,1757737581_000128,0.419,0.6,22.14,1.351,3.262,4.778,2.389,0.0,3.5
1757737581_000016__396341124,1757737581_000016,0.328,0.48,30.32,1.981,4.968,9.142,6.095,0.0,-5.07
1757737014_000042__1792930370,1757737014_000042,0.303,0.43,38.12,1.164,2.378,0.0,3.303,0.846,26.31
1757737581_000135__1963989291,1757737581_000135,0.334,0.48,13.49,3.551,2.524,5.979,2.99,0.0,4.34
1757737581_000129__2067341494,1757737581_000129,0.457,0.67,27.96,7.135,5.802,8.749,8.749,0.0,25.67
1757737014_000010__237842812,1757737014_000010,0.258,0.38,44.26,1.374,3.513,11.607,3.869,0.565,31.33
1757737014_000037__1994169597,1757737014_000037,0.295,0.43,32.92,0.877,2.601,3.388,0.0,0.0,13.88
1757737581_000048__983841700,1757737581_000048,0.34,0.48,40.11,1.148,3.061,2.941,2.941,0.241,23.89
1757737581_000071__2123107355,1757737581_000071,0.207,0.3,32.79,1.54,3.444,4.836,9.672,0.0,4.11
1757737581_000098__1604013272,1757737581_000098,0.205,0.3,44.86,5.786,5.609,14.664,9.776,0.611,32.77
1757737014_000033__829027888,1757737014_000033,0.434,0.63,41.69,5.287,6.628,6.908,6.908,0.316,32.67
1757737014_000005__283169678,1757737014_000005,0.398,0.58,23.37,0.651,1.378,0.0,0.0,0.2,13.79
1757737581_000069__2062791524,1757737581_000069,0.37,0.53,30.89,0.893,2.048,0.0,0.0,0.0,12.46
1757737581_000099__2132650713,1757737581_000099,0.281,0.4,36.04,1.721,4.628,10.695,14.26,0.208,24.64
1757737581_000102__823413355,1757737581_000102,0.256,0.37,37.98,3.15,5.227,15.65,15.65,0.045,23.18
1757737581_000143__1684839342,1757737581_000143,0.276,0.42,31.99,1.042,2.533,0.0,3.623,0.0,4.57
1757737581_000099__853875419,1757737581_000099,0.281,0.4,29.3,1.53,4.062,7.13,7.13,0.083,20.39
1757737581_000098__917111589,1757737581_000098,0.205,0.3,29.09,1.135,2.166,0.0,4.888,0.0,6.5
1757737014_000049__149942897,1757737014_000049,0.263,0.38,13.69,0.384,1.088,0.0,0.0,0.0,5.44
1757737581_000112__833043350,1757737581_000112,0.382,0.55,27.58,1.773,4.059,7.861,7.861,0.061,23.07
1757737581_000015__1201043525,1757737581_000015,0.335,0.5,21.77,3.13,3.302,2.987,2.987,0.0,8.09
1757737581_000059__1232382684,1757737581_000059,0.2,0.3,67.45,8.863,12.546,30.015,20.01,0.611,50.05
1757737581_000076__1679715084,1757737581_000076,0.364,0.53,23.13,0.817,2.245,2.747,2.747,0.0,3.41
1757737014_000032__1061989717,1757737014_000032,0.276,0.4,46.09,1.195,3.069,0.0,7.239,0.083,27.18
1757737014_000019__1598231521,1757737014_000019,0.189,0.28,42.87,1.477,3.575,5.278,10.556,0.353,30.75
1757737014_000059__1566670448,1757737014_000059,0.259,0.38,24.16,0.598,1.692,0.0,0.0,0.0,8.26
1757737581_000096__1881298028,1757737581_000096,0.256,0.38,42.77,1.032,2.676,0.0,0.0,0.609,22.98
1757737014_000014__88825960,1757737014_000014,0.348,0.52,31.48,1.109,2.678,0.0,5.748,0.0,13.25
1757737581_000096__180021562,1757737581_000096,0.256,0.38,38.93,1.839,5.275,15.611,3.903,0.304,24.26
1757737581_000098__1678196779,1757737581_000098,0.205,0.3,46.53,1.67,4.91,9.776,14.664,0.278,29.14
1757737581_000137__1456214764,1757737581_000137,0.418,0.62,32.97,1.149,3.075,2.394,4.789,0.027,19.21
1757737014_000027__735650093,1757737014_000027,0.345,0.5,42.12,1.477,3.114,2.901,5.801,0.5,28.52
1757737014_000050__1301978512,1757737014_000050,0.298,0.43,32.59,0.971,2.642,3.358,3.358,0.0,16.92
1757737581_000044__1056381273,1757737581_000044,0.41,0.6,18.15,5.087,3.317,2.441,2.441,0.028,18.11
1757737581_000089__1332528399,1757737581_000089,0.296,0.43,25.95,0.82,2.024,0.0,3.376,0.615,15.27
1757737581_000089__1419804144,1757737581_000089,0.296,0.43,39.87,1.356,3.401,6.751,3.376,1.0,34.67
1757737581_000062__1092842297,1757737581_000062,0.379,0.55,59.91,2.068,6.083,15.832,13.193,0.03,33.65
1757737581_000063__1585302088,1757737581_000063,0.2,0.3,52.07,1.706,4.25,10.008,5.004,0.167,29.27
1757737581_000088__1576807125,1757737581_000088,0.404,0.58,22.67,2.957,2.995,2.477,2.477,0.029,14.18
1757737581_000056__2134891268,1757737581_000056,0.185,0.28,34.47,0.85,1.812,0.0,0.0,0.0,0.86
1757737014_000016__570693210,1757737014_000016,0.312,0.45,42.79,1.816,3.619,9.603,9.603,0.593,28.02
1757737581_000102__1867847246,1757737581_000102,0.256,0.37,35.95,1.051,2.282,3.913,0.0,0.0,16.71
1757737014_000012__1548835034,1757737014_000012,0.335,0.48,24.0,0.627,1.741,0.0,0.0,0.0,-2.42
1757737581_000113__2117495900,1757737581_000113,0.23,0.33,34.87,2.071,3.964,13.067,8.712,0.0,16.33
1757737014_000054__898466359,1757737014_000054,0.233,0.35,5.75,4.92,5.366,4.298,0.0,0.0,21.45
1757737014_000006__899862698,1757737014_000006,0.425,0.62,19.64,1.264,3.065,4.703,4.703,0.0,9.9
1757737014_000058__735111042,1757737014_000058,0.422,0.62,36.63,1.071,2.717,0.0,2.369,0.0,-6.58
1757737581_000096__545325388,1757737581_000096,0.256,0.38,43.91,1.244,3.271,0.0,3.903,0.652,26.9
1757737581_000002__1870070473,1757737581_000002,0.142,0.22,67.87,1.754,3.725,14.098,14.098,0.0,33.44
1757737581_000088__1642758982,1757737581_000088,0.404,0.58,39.04,1.78,3.798,9.909,2.477,0.886,29.65
1757737581_000130__817666102,1757737581_000130,0.455,0.67,41.26,1.588,4.147,6.591,10.985,0.425,25.64
1757737014_000016__974993202,1757737014_000016,0.312,0.45,41.43,1.157,2.607,3.201,3.201,0.444,26.03
1757737014_000040__1060302930,1757737014_000040,0.403,0.58,26.39,4.947,5.129,12.408,4.963,0.143,31.33
1757737581_000066__1465923078,1757737581_000066,0.26,0.38,39.88,1.377,3.336,11.543,3.848,0.0,13.66
1757737014_000052__1682102187,1757737014_000052,0.39,0.57,31.12,4.608,4.844,10.266,12.832,0.294,26.12
1757737581_000082__277064336,1757737581_000082,0.236,0.35,25.42,1.002,2.378,4.242,4.242,0.0,5.13
1757737581_000018__1633255597,1757737581_000018,0.379,0.55,58.2,1.827,4.72,10.543,10.543,0.121,35.33
1757737014_000046__1818519939,1757737014_000046,0.283,0.42,16.24,4.163,4.52,10.605,7.07,0.0,15.05
1757737581_000022__968330080,1757737581_000022,0.265,0.4,14.97,2.982,2.956,3.775,3.775,0.0,0.66
1757737581_000076__160665662,1757737581_000076,0.364,0.53,29.5,0.828,2.187,0.0,0.0,0.0,9.51
1757737581_000133__1878747799,1757737581_000133,0.249,0.37,33.09,1.087,2.604,0.0,0.0,0.0,0.19
1757737581_000026__1967490318,1757737581_000026,0.204,0.3,43.18,1.364,3.722,14.671,4.89,0.0,16.57
1757737581_000122__471753211,1757737581_000122,0.326,0.48,26.45,5.857,4.794,9.211,3.07,0.586,35.3
1757737581_000066__79154435,1757737581_000066,0.26,0.38,45.64,1.567,3.389,7.696,3.848,0.0,21.53
1757737581_000116__244903981,1757737581_000116,0.291,0.43,42.14,1.221,3.229,6.876,3.438,0.577,26.52
1757737014_000016__703153920,1757737014_000016,0.312,0.45,26.54,0.86,1.469,0.0,0.0,0.0,6.88
1757737014_000024__568422554,1757737014_000024,0.399,0.57,28.6,1.019,2.642,0.0,0.0,0.059,16.48
1757737581_000104__817714407,1757737581_000104,0.198,0.3,34.29,2.574,3.707,10.095,5.048,0.056,20.28
1757737581_000000__814881131,1757737581_000000,0.309,0.45,25.65,0.917,2.252,0.0,0.0,0.0,7.1
1757737581_000002__1899922309,1757737581_000002,0.142,0.22,84.57,3.26,8.95,21.148,21.148,0.538,48.35
1757737014_000009__300698921,1757737014_000009,0.373,0.53,26.34,1.009,2.154,0.0,0.0,0.0,8.44
1757737014_000055__2048761002,1757737014_000055,0.305,0.47,20.23,0.531,1.567,0.0,0.0,0.0,8.91
1757737581_000080__592268103,1757737581_000080,0.216,0.33,30.74,1.225,3.916,9.241,9.241,0.0,15.98
1757737014_000042__2138006510,1757737014_000042,0.303,0.43,34.39,1.507,3.005,3.303,3.303,0.5,37.51
1757737581_000061__1021625021,1757737581_000061,0.429,0.62,26.85,3.742,3.684,4.658,2.329,0.459,20.68
1757737581_000047__467810543,1757737581_000047,0.411,0.6,24.7,0.852,1.67,0.0,0.0,0.0,-16.71
1757737014_000016__1507620537,1757737014_000016,0.312,0.45,46.02,1.219,3.073,6.402,0.0,0.778,28.38
1757737581_000108__310397891,1757737581_000108,0.315,0.45,30.08,1.027,2.511,3.176,3.176,0.0,1.12
1757737581_000054__992048030,1757737581_000054,0.145,0.22,35.36,0.943,2.33,0.0,0.0,0.077,18.5
1757737581_000081__600859268,1757737581_000081,0.385,0.57,10.87,3.385,3.159,7.792,5.194,0.0,3.54
1757737014_000057__1053347196,1757737014_000057,0.298,0.43,28.18,1.058,2.726,3.355,0.0,0.769,19.49
1757737014_000021__1141443103,1757737014_000021,0.198,0.3,41.35,1.166,2.893,0.0,0.0,0.0,13.55
1757737581_000098__1316106352,1757737581_000098,0.205,0.3,47.34,1.3,3.406,9.776,9.776,0.333,24.28
1757737581_000000__1009261813,1757737581_000000,0.309,0.45,45.04,1.678,3.386,9.697,9.697,0.778,33.16
1757737581_000113__1104304585,1757737581_000113,0.23,0.33,26.11,0.971,2.288,0.0,4.356,0.0,-4.26
1757737581_000031__496096686,1757737581_000031,0.219,0.33,37.1,1.64,4.182,9.127,9.127,0.1,30.77
1757737581_000070__1339182820,1757737581_000070,0.349,0.52,38.38,1.443,4.438,8.597,5.731,0.226,30.1
1757737581_000144__272567110,1757737581_000144,0.388,0.57,22.81,6.076,3.594,7.741,5.16,0.0,4.03
1757737581_000128__1201019126,1757737581_000128,0.419,0.6,40.59,1.393,3.419,7.167,4.778,0.444,23.64
1757737581_000136__1702619120,1757737581_000136,0.37,0.55,39.5,1.143,2.944,5.404,2.702,0.182,26.02
1757737581_000033__1436224478,1757737581_000033,0.208,0.3,15.15,6.008,5.964,4.817,4.817,0.278,31.33
1757737581_000097__899133670,1757737581_000097,0.23,0.33,33.06,1.188,2.773,4.342,0.0,0.0,16.49
1757737581_000050__2085197500,1757737581_000050,0.422,0.62,37.43,1.39,2.859,2.37,4.739,0.189,24.12
1757737014_000018__236848773,1757737014_000018,0.247,0.37,49.23,1.262,3.456,8.085,8.085,0.045,26.92
1757737014_000027__433060093,1757737014_000027,0.345,0.5,47.17,1.403,3.81,5.801,8.702,0.8,35.09
1757737581_000039__845871845,1757737581_000039,0.298,0.43,29.42,1.185,2.411,3.352,0.0,0.0,13.19
1757737581_000153__45052286,1757737581_000153,0.28,0.42,26.13,0.775,1.607,0.0,0.0,0.0,5.61
1757737581_000124__874726677,1757737581_000124,0.28,0.42,50.96,1.636,4.34,10.729,10.729,0.96,40.37
1757737581_000125__655663743,1757737581_000125,0.288,0.42,40.34,1.257,2.118,6.946,0.0,0.36,24.2
1757737581_000117__703732708,1757737581_000117,0.38,0.55,37.66,1.385,3.037,5.259,2.63,0.152,21.7
1757737581_000087__1299698174,1757737581_000087,0.313,0.47,16.98,4.464,3.109,6.385,3.193,0.5,22.85
1757737581_000005__270449052,1757737581_000005,0.259,0.38,37.75,1.176,2.7,7.729,3.865,0.13,25.42
1757737581_000053__78299709,1757737581_000053,0.313,0.47,26.13,4.241,3.939,3.194,3.194,0.036,18.0
1757737014_000023__1178895803,1757737014_000023,0.406,0.58,30.4,1.188,2.78,0.0,4.926,0.029,17.87
1757737581_000067__331701170,1757737581_000067,0.318,0.48,53.89,1.751,3.534,9.421,9.421,0.0,27.06
1757737581_000044__1989145746,1757737581_000044,0.41,0.6,27.45,5.454,4.119,2.441,2.441,0.222,24.18
1757737014_000031__542562477,1757737014_000031,0.282,0.42,38.93,2.648,4.71,10.656,10.656,0.32,26.96
1757737581_000110__592172687,1757737581_000110,0.34,0.5,30.1,1.006,2.397,0.0,0.0,0.0,3.7
1757737581_000098__1328689574,1757737581_000098,0.205,0.3,51.36,1.185,3.098,4.888,0.0,0.5,31.31
1757737581_000128__1396848976,1757737581_000128,0.419,0.6,42.73,1.62,4.657,11.944,11.944,0.528,28.69
1757737581_000100__1240577799,1757737581_000100,0.354,0.52,42.54,1.288,3.046,2.821,5.642,0.032,23.47
1757737014_000050__963049023,1757737014_000050,0.298,0.43,44.24,1.343,3.552,6.716,3.358,0.615,29.81
1757737581_000104__1953127160,1757737581_000104,0.198,0.3,38.69,1.462,3.712,10.095,5.048,0.167,26.74
1757737014_000018__401842208,1757737014_000018,0.247,0.37,13.58,4.159,2.88,4.043,0.0,0.0,1.09
1757737581_000002__1913417554,1757737581_000002,0.142,0.22,63.42,2.66,6.612,14.098,21.148,0.0,22.35
1757737014_000060__1671914027,1757737014_000060,0.22,0.32,35.91,1.123,3.121,4.541,0.0,0.0,13.23
1757737581_000021__1207297562,1757737581_000021,0.294,0.43,42.48,6.04,8.198,16.999,13.599,0.192,26.95
1757737581_000079__83582217,1757737581_000079,0.386,0.57,17.12,4.97,3.719,5.177,2.589,0.0,7.95
1757737581_000074__461852172,1757737581_000074,0.244,0.37,43.39,1.298,2.684,4.105,0.0,0.591,29.65
1757737581_000113__547162263,1757737581_000113,0.23,0.33,20.75,0.629,1.62,0.0,0.0,0.0,-15.28
1757737581_000061__1841065603,1757737581_000061,0.429,0.62,27.38,1.03,2.237,0.0,2.329,0.0,13.21
1757737581_000110__1980300851,1757737581_000110,0.34,0.5,53.59,1.738,4.11,5.885,8.828,0.2,38.22
1757737014_000031__1177530553,1757737014_000031,0.282,0.42,42.36,1.839,4.643,3.552,7.104,0.48,41.02
1757737581_000144__1064649179,1757737581_000144,0.388,0.57,47.25,6.908,5.25,15.481,7.741,0.0,23.22
1757737014_000025__1209245531,1757737014_000025,0.358,0.52,23.09,0.808,1.932,0.0,0.0,0.0,11.26
1757737014_000035__1356673438,1757737014_000035,0.315,0.47,38.26,1.162,3.132,3.175,6.35,0.0,19.35
1757737581_000050__1269838562,1757737581_000050,0.422,0.62,39.32,1.315,3.168,7.109,4.739,0.243,26.07
1757737581_000002__231897169,1757737581_000002,0.142,0.22,51.46,1.766,4.453,21.148,21.148,0.0,11.62
1757737581_000039__1593230456,1757737581_000039,0.298,0.43,28.49,0.912,2.15,0.0,0.0,0.0,11.38
1757737581_000136__149859526,1757737581_000136,0.37,0.55,38.9,1.224,3.141,5.404,2.702,0.212,21.36
1757737014_000057__1262524315,1757737014_000057,0.298,0.43,26.86,0.823,2.179,0.0,0.0,0.692,17.51
1757737581_000110__924789176,1757737581_000110,0.34,0.5,29.19,1.05,2.474,2.943,0.0,0.0,2.01
1757737014_000018__901650277,1757737014_000018,0.247,0.37,33.64,1.072,2.635,0.0,4.043,0.0,7.03
1757737581_000112__723518443,1757737581_000112,0.382,0.55,22.66,3.698,4.173,2.62,5.241,0.0,13.93
1757737581_000114__1291035162,1757737581_000114,0.248,0.37,56.47,1.351,3.152,12.087,0.0,0.045,28.33
1757737581_000019__792399284,1757737581_000019,0.112,0.17,33.74,1.097,2.326,0.0,0.0,0.0,4.27
1757737014_000020__1733931187,1757737014_000020,0.396,0.57,41.98,1.438,2.969,5.048,5.048,0.0,18.36
1757737581_000149__1011002758,1757737581_000149,0.106,0.17,62.75,8.91,7.936,18.801,0.0,0.0,36.33
1757737581_000125__1927948034,1757737581_000125,0.288,0.42,48.41,1.743,2.643,0.0,3.473,0.88,37.77
1757737014_000040__33447276,1757737014_000040,0.403,0.58,25.71,1.269,2.925,2.482,2.482,0.0,10.5
1757737581_000067__33101631,1757737581_000067,0.318,0.48,38.25,1.163,2.88,6.28,3.14,0.0,0.86
1757737581_000122__953166788,1757737581_000122,0.326,0.48,32.44,1.302,2.749,6.141,0.0,0.414,21.54
1757737581_000050__734605077,1757737581_000050,0.422,0.62,37.55,1.444,3.468,9.478,2.37,0.135,28.32
1757737581_000014__1340945724,1757737581_000014,0.379,0.55,36.81,1.305,2.949,5.272,2.636,0.0,18.66
1757737581_000136__240056633,1757737581_000136,0.37,0.55,33.53,1.224,2.174,0.0,2.702,0.0,16.67
1757737014_000060__1898879700,1757737014_000060,0.22,0.32,41.82,1.687,4.36,9.083,13.624,0.053,22.61
1757737014_000000__171168285,1757737014_000000,0.248,0.37,36.68,1.374,3.389,8.066,4.033,0.0,15.21
1757737581_000014__611662845,1757737581_000014,0.379,0.55,27.47,1.73,4.233,5.272,7.908,0.0,5.44
1757737581_000129__275935747,1757737581_000129,0.457,0.67,61.23,1.724,4.123,8.749,6.562,0.175,33.22
1757737581_000134__1974485627,1757737581_000134,0.078,0.13,30.02,0.912,1.791,0.0,0.0,0.0,-10.8
1757737014_000043__95030937,1757737014_000043,0.199,0.32,30.73,1.643,4.376,5.018,10.035,0.0,-6.6
1757737581_000080__634648673,1757737581_000080,0.216,0.33,26.98,0.854,1.953,0.0,4.62,0.0,8.6
1757737014_000037__764818338,1757737014_000037,0.295,0.43,38.91,1.502,3.114,10.164,6.776,0.269,23.18
1757737581_000080__27636499,1757737581_000080,0.216,0.33,42.28,1.479,1.788,0.0,0.0,0.55,27.11
1757737014_000023__1040268182,1757737014_000023,0.406,0.58,41.47,1.231,3.122,7.39,2.463,0.486,27.08
1757737581_000061__1540549062,1757737581_000061,0.429,0.62,26.83,4.001,3.945,4.658,2.329,0.459,21.23
1757737581_000116__1811061304,1757737581_000116,0.291,0.43,39.32,1.228,3.382,6.876,3.438,0.192,22.82
1757737581_000063__403675178,1757737581_000063,0.2,0.3,36.4,1.198,2.984,0.0,5.004,0.0,9.18
1757737581_000116__1107070701,1757737581_000116,0.291,0.43,27.55,1.902,4.529,6.876,10.314,0.038,25.08
1757737581_000101__1647994585,1757737581_000101,0.433,0.63,56.1,2.378,4.748,18.464,16.156,0.0,23.71
1757737581_000100__1473687955,1757737581_000100,0.354,0.52,38.34,1.552,4.35,8.463,8.463,0.0,20.21
1757737581_000068__81356828,1757737581_000068,0.219,0.33,40.69,1.289,3.729,13.717,9.145,0.0,17.74
1757737014_000046__744444330,1757737014_000046,0.283,0.42,15.89,4.636,4.381,3.535,3.535,0.0,14.9
1757737581_000013__764467832,1757737581_000013,0.173,0.25,72.01,2.863,8.36,17.311,23.081,0.2,38.46
1757737014_000004__1728421783,1757737014_000004,0.439,0.63,52.0,1.555,3.847,11.393,6.836,0.0,25.13
1757737014_000035__1346857058,1757737014_000035,0.315,0.47,37.58,1.373,4.144,6.35,9.525,0.0,16.08
1757737581_000066__1975263260,1757737581_000066,0.26,0.38,43.17,1.374,3.313,7.696,3.848,0.0,16.16
1757737581_000011__609313395,1757737581_000011,0.392,0.57,35.66,0.901,1.943,0.0,2.549,0.029,18.71
1757737014_000028__969503119,1757737014_000028,0.307,0.45,34.87,1.34,2.539,3.257,3.257,0.0,18.4
1757737581_000088__2026308017,1757737581_000088,0.404,0.58,34.34,1.183,3.012,0.0,4.955,0.571,25.54
1757737581_000022__324967142,1757737581_000022,0.265,0.4,44.99,1.842,4.714,11.325,11.325,0.625,31.33
1757737581_000034__98744090,1757737581_000034,0.259,0.38,39.72,1.314,3.724,7.723,11.584,0.913,28.59
1757737581_000015__2147231533,1757737581_000015,0.335,0.5,37.04,1.79,3.976,5.974,5.974,0.2,21.29
1757737581_000043__152621824,1757737581_000043,0.244,0.35,20.3,0.75,1.738,0.0,0.0,0.0,7.76
1757737581_000132__2052531085,1757737581_000132,0.172,0.25,44.39,1.434,2.837,5.801,11.602,0.0,15.03
1757737014_000056__887312579,1757737014_000056,0.204,0.3,26.27,0.963,2.106,4.892,0.0,0.0,7.18
1757737581_000036__517211693,1757737581_000036,0.274,0.4,33.18,1.174,2.456,3.653,3.653,0.0,15.33
1757737581_000080__1617385931,1757737581_000080,0.216,0.33,40.16,1.287,2.981,4.62,0.0,0.35,23.78
1757737014_000026__816982719,1757737014_000026,0.242,0.35,46.61,1.761,2.872,12.397,4.132,0.0,12.77
1757737014_000011__942499890,1757737014_000011,0.406,0.58,24.5,1.551,3.771,4.929,4.929,0.0,16.72
1757737581_000138__864444078,1757737581_000138,0.362,0.53,38.18,1.276,3.193,5.524,8.286,0.156,20.17
1757737581_000005__1771199565,1757737581_000005,0.259,0.38,37.3,1.086,3.139,3.865,0.0,0.13,19.24
1757737581_000132__803671705,1757737581_000132,0.172,0.25,42.97,1.838,3.479,5.801,17.403,0.0,16.31
1757737014_000026__21952073,1757737014_000026,0.242,0.35,27.56,0.814,1.955,0.0,0.0,0.0,-17.17
1757737581_000082__1119208504,1757737581_000082,0.236,0.35,30.63,1.314,3.721,4.242,12.726,0.048,19.42
1757737581_000109__351634992,1757737581_000109,0.458,0.67,47.39,1.958,3.518,8.738,8.738,0.275,37.55
1757737581_000022__1683528332,1757737581_000022,0.265,0.4,18.36,5.133,4.395,3.775,3.775,0.0,16.64
1757737581_000148__1493456364,1757737581_000148,0.246,0.37,52.74,1.75,3.339,12.208,4.069,0.136,28.98
1757737581_000018__2008155124,1757737581_000018,0.379,0.55,56.69,1.983,5.23,15.815,13.179,0.091,30.63
1757737581_000065__1665975990,1757737581_000065,0.188,0.28,30.13,1.133,3.504,5.331,5.331,0.0,0.43
1757737581_000128__777595460,1757737581_000128,0.419,0.6,22.63,2.628,3.154,2.389,2.389,0.0,6.96
1757737581_000049__375314632,1757737581_000049,0.312,0.45,29.94,0.881,2.176,0.0,3.204,0.074,15.46
1757737014_000052__230970707,1757737014_000052,0.39,0.57,26.52,0.84,2.234,2.566,2.566,0.0,11.12
1757737581_000152__22767499,1757737581_000152,0.36,0.52,41.46,2.216,4.707,11.102,11.102,0.065,27.01
1757737014_000044__433355317,1757737014_000044,0.328,0.5,43.62,1.591,3.898,9.15,12.2,0.067,22.33
1757737581_000018__1572160757,1757737581_000018,0.379,0.55,55.29,1.999,4.861,13.179,13.179,0.091,31.43
1757737581_000131__1141876712,1757737581_000131,0.321,0.47,40.81,1.68,3.768,12.477,9.357,0.0,14.93
1757737014_000041__1324249869,1757737014_000041,0.429,0.62,24.99,0.942,2.389,2.332,0.0,0.0,3.5
1757737014_000043__2048226643,1757737014_000043,0.199,0.32,37.27,1.282,3.617,5.018,5.018,0.0,-0.32
1757737581_000079__169397785,1757737581_000079,0.386,0.57,25.47,0.812,1.707,0.0,0.0,0.0,-1.93
1757737581_000012__1220430754,1757737581_000012,0.398,0.58,35.78,1.184,2.8,5.024,5.024,0.0,10.45
1757737014_000007__275234176,1757737014_000007,0.404,0.58,21.29,1.243,2.693,2.476,2.476,0.086,13.15
1757737014_000015__1535239689,1757737014_000015,0.25,0.37,27.71,0.997,2.132,0.0,0.0,0.0,9.03
1757737014_000021__1115513365,1757737014_000021,0.198,0.3,29.91,0.987,2.035,0.0,0.0,0.0,1.05
1757737581_000077__933694501,1757737581_000077,0.282,0.42,44.65,1.195,2.472,3.547,0.0,0.0,2.54
1757737581_000075__1974201905,1757737581_000075,0.291,0.42,32.89,1.361,4.02,6.883,10.324,0.32,24.95
1757737014_000011__547004699,1757737014_000011,0.406,0.58,44.51,1.824,4.365,4.929,12.322,0.686,31.33
1757737581_000006__1442555069,1757737581_000006,0.372,0.55,16.33,4.842,4.296,5.373,5.373,0.0,14.91
1757737581_000045__1170005328,1757737581_000045,0.211,0.32,37.64,1.854,4.55,9.487,9.487,0.0,12.92
1757737014_000046__817835232,1757737014_000046,0.283,0.42,27.84,0.849,1.648,0.0,0.0,0.0,7.55
1757737014_000055__1969736157,1757737014_000055,0.305,0.47,7.23,2.93,2.419,3.275,3.275,0.0,10.15
1757737581_000001__83040240,1757737581_000001,0.368,0.55,33.47,0.862,1.803,0.0,0.0,0.515,21.63
1757737581_000008__1784378930,1757737581_000008,0.218,0.32,25.96,0.939,2.963,0.0,4.589,0.0,7.42
1757737581_000066__224903542,1757737581_000066,0.26,0.38,52.46,1.749,4.76,11.543,15.391,0.217,27.77
1757737581_000011__135372141,1757737581_000011,0.392,0.57,33.53,1.347,3.198,10.195,2.549,0.029,20.15
1757737581_000062__577341759,1757737581_000062,0.379,0.55,69.76,1.761,4.545,13.193,7.916,0.182,38.69
1757737581_000032__1528753906,1757737581_000032,0.386,0.55,32.36,0.825,2.269,0.0,2.593,0.0,7.85
1757737581_000021__1563830375,1757737581_000021,0.294,0.43,41.51,1.097,2.807,6.8,0.0,0.0,15.55
1757737581_000092__201177142,1757737581_000092,0.208,0.32,26.42,0.717,2.004,0.0,0.0,0.0,5.66
1757737581_000102__765541502,1757737581_000102,0.256,0.37,26.66,0.868,2.345,0.0,0.0,0.0,4.2
1757737581_000004__818280250,1757737581_000004,0.292,0.43,48.67,1.934,4.381,10.276,10.276,0.423,29.09
1757737581_000118__1438094710,1757737581_000118,0.359,0.52,28.32,0.817,1.788,0.0,0.0,0.0,6.11
1757737581_000126__1073604950,1757737581_000126,0.288,0.43,40.05,2.854,6.114,13.889,10.417,0.846,33.98
1757737581_000012__965298326,1757737581_000012,0.398,0.58,57.13,2.195,3.808,10.048,5.024,0.4,38.22
1757737581_000021__2117887497,1757737581_000021,0.294,0.43,45.79,1.811,4.034,3.4,20.399,0.0,22.58
1757737581_000096__1493784878,1757737581_000096,0.256,0.38,46.5,1.611,4.297,15.611,11.708,0.696,34.23
1757737581_000127__1822728984,1757737581_000127,0.369,0.53,35.57,1.32,2.793,2.713,8.14,0.0,-0.25
1757737581_000030__2121486713,1757737581_000030,0.424,0.62,24.79,1.574,3.838,4.714,4.714,0.0,13.52
1757737014_000014__434974802,1757737014_000014,0.348,0.52,34.11,1.114,2.769,2.874,2.874,0.0,11.46
1757737581_000080__601905697,1757737581_000080,0.216,0.33,20.88,4.29,4.293,4.62,4.62,0.0,12.26
1757737581_000013__2120192842,1757737581_000013,0.173,0.25,51.43,1.627,3.776,11.541,11.541,0.0,14.99
1757737581_000009__1232930500,1757737581_000009,0.138,0.2,39.19,1.461,1.771,0.0,0.0,0.333,22.38
1757737014_000031__762363928,1757737014_000031,0.282,0.42,56.69,1.506,3.923,3.552,14.209,1.0,44.58
1757737581_000030__620384114,1757737581_000030,0.424,0.62,13.68,2.855,2.027,2.357,2.357,0.0,5.95
1757737581_000099__1551527907,1757737581_000099,0.281,0.4,26.84,1.173,2.911,3.565,3.565,0.042,17.6
1757737014_000017__922409649,1757737014_000017,0.442,0.63,28.6,1.386,3.879,4.526,6.788,0.053,19.1
1757737014_000019__1878264800,1757737014_000019,0.189,0.28,32.4,1.464,3.313,5.278,5.278,0.0,15.48
1757737581_000109__1853883474,1757737581_000109,0.458,0.67,39.58,6.937,5.609,8.738,8.738,0.525,38.26
1757737581_000119__1889444435,1757737581_000119,0.336,0.48,26.38,0.773,1.784,0.0,0.0,0.0,6.68
1757737014_000044__1026020775,1757737014_000044,0.328,0.5,44.32,1.977,5.139,12.2,15.249,0.233,26.33
1757737014_000054__686869518,1757737014_000054,0.233,0.35,40.43,5.701,5.103,4.298,12.894,0.0,22.33
1757737014_000011__18118022,1757737014_000011,0.406,0.58,34.82,1.201,2.821,9.858,0.0,0.086,19.43
1757737014_000040__510547020,1757737014_000040,0.403,0.58,35.91,1.422,3.698,4.963,4.963,0.114,25.55
1757737581_000025__155267786,1757737581_000025,0.285,0.42,55.28,1.998,5.094,14.019,24.534,0.92,41.29
1757737581_000125__1010071316,1757737581_000125,0.288,0.42,28.44,1.008,2.475,3.473,0.0,0.0,10.55
1757737581_000146__1637030712,1757737581_000146,0.234,0.35,34.23,0.894,1.269,0.0,0.0,0.0,16.75
1757737014_000047__1382219979,1757737014_000047,0.471,0.68,48.31,1.477,3.761,4.246,8.491,1.0,42.77
1757737014_000035__1843032087,1757737014_000035,0.315,0.47,27.25,0.927,2.749,3.175,0.0,0.0,2.96
1757737581_000071__531144495,1757737581_000071,0.207,0.3,50.2,1.74,4.186,4.836,9.672,0.0,16.98
1757737581_000008__278534098,1757737581_000008,0.218,0.32,43.78,1.288,2.583,4.589,4.589,0.684,31.33
1757737581_000101__288020263,1757737581_000101,0.433,0.63,18.82,4.073,3.184,2.308,2.308,0.0,-7.11
1757737581_000080__380604733,1757737581_000080,0.216,0.33,26.43,0.775,1.874,0.0,0.0,0.0,5.86
1757737014_000039__1885942222,1757737014_000039,0.256,0.38,48.52,1.886,3.27,7.8,7.8,1.0,47.0
1757737581_000073__1760873451,1757737581_000073,0.414,0.6,41.23,1.301,3.315,2.416,7.249,0.0,17.47
1757737014_000013__224413023,1757737014_000013,0.449,0.65,28.11,1.206,3.02,2.229,2.229,0.026,23.02
1757737014_000016__713817023,1757737014_000016,0.312,0.45,39.91,1.803,4.687,6.402,6.402,0.296,31.33
1757737581_000038__813298143,1757737581_000038,0.214,0.32,23.27,0.725,1.445,0.0,0.0,0.0,3.01
1757737581_000071__352766324,1757737581_000071,0.207,0.3,51.7,1.849,5.163,14.508,19.344,0.0,18.76
1757737581_000092__234339682,1757737581_000092,0.208,0.32,30.36,5.202,4.556,9.625,4.813,0.316,27.59
1757737581_000058__1973311308,1757737581_000058,0.288,0.43,35.77,1.381,3.176,3.474,6.947,0.0,5.76
1757737581_000018__395861190,1757737581_000018,0.379,0.55,30.36,5.311,6.519,10.543,7.907,0.0,12.67
1757737581_000046__2086560771,1757737581_000046,0.212,0.32,45.74,1.805,3.932,9.431,18.862,0.263,28.11
1757737014_000060__476277059,1757737014_000060,0.22,0.32,28.16,0.713,2.152,0.0,0.0,0.0,1.49
1757737581_000047__1506119132,1757737581_000047,0.411,0.6,42.71,1.514,3.48,9.727,7.295,0.0,6.33
1757737014_000051__1634060215,1757737014_000051,0.275,0.4,48.66,1.8,4.647,14.555,3.639,0.833,34.91
1757737581_000029__572699860,1757737581_000029,0.394,0.57,35.44,0.963,2.367,0.0,0.0,0.676,22.76
1757737014_000026__264456734,1757737014_000026,0.242,0.35,47.59,1.393,3.488,8.265,4.132,0.0,4.77
1757737581_000136__1639641861,1757737581_000136,0.37,0.55,35.6,1.278,2.938,2.702,2.702,0.03,30.69
1757737014_000021__2003291061,1757737014_000021,0.198,0.3,38.17,1.843,3.945,5.044,10.088,0.0,14.27
1757737581_000008__1598669033,1757737581_000008,0.218,0.32,43.27,1.582,2.751,0.0,9.179,0.684,31.33
1757737581_000123__2105674727,1757737581_000123,0.09,0.13,36.8,5.967,8.04,11.171,0.0,0.0,14.85
1757737581_000083__327063957,1757737581_000083,0.362,0.53,30.81,0.941,2.23,0.0,5.532,0.0,14.97
1757737581_000026__131245084,1757737581_000026,0.204,0.3,32.2,1.427,3.168,4.89,4.89,0.0,3.46
1757737581_000045__1744871332,1757737581_000045,0.211,0.32,18.99,5.043,3.416,4.743,0.0,0.0,7.04
1757737581_000123__1613802734,1757737581_000123,0.09,0.13,35.47,1.165,2.032,11.171,0.0,0.0,2.17
1757737581_000054__1213060256,1757737581_000054,0.145,0.22,29.64,0.636,1.473,0.0,0.0,0.0,8.4
1757737581_000134__1595953813,1757737581_000134,0.078,0.13,41.35,1.048,3.11,0.0,0.0,0.0,1.86
1757737581_000069__2078214813,1757737581_000069,0.37,0.53,33.58,0.998,1.978,2.701,2.701,0.031,17.72
1757737581_000086__2015649758,1757737581_000086,0.254,0.37,35.62,1.046,2.735,3.932,3.932,0.091,21.44
1757737581_000107__1620124126,1757737581_000107,0.245,0.37,27.01,0.61,1.247,0.0,0.0,0.0,9.77
1757737581_000009__1352591312,1757737581_000009,0.138,0.2,30.84,2.78,3.541,7.269,7.269,0.0,14.22
1757737014_000051__326377636,1757737014_000051,0.275,0.4,13.83,3.902,3.36,3.639,3.639,0.0,8.07
1757737581_000120__1466034947,1757737581_000120,0.151,0.23,40.73,2.35,5.172,33.141,19.885,0.357,31.33
1757737581_000118__1834301176,1757737581_000118,0.359,0.52,39.11,1.387,3.391,5.573,11.147,0.032,23.61
1757737014_000009__2051056669,1757737014_000009,0.373,0.53,26.98,1.003,2.376,5.36,2.68,0.0,11.27
1757737014_000047__1925094573,1757737014_000047,0.471,0.68,33.68,1.563,3.946,8.491,8.491,0.512,24.05
1757737014_000015__12603475,1757737014_000015,0.25,0.37,11.72,3.294,2.661,4.004,4.004,0.0,2.82
1757737014_000011__1321732497,1757737014_000011,0.406,0.58,31.14,1.218,2.626,0.0,0.0,0.0,15.58
1757737581_000040__584261381,1757737581_000040,0.306,0.45,22.66,1.307,3.234,3.272,3.272,0.037,23.09
1757737014_000047__1202139986,1757737014_000047,0.471,0.68,47.26,1.806,3.413,6.368,6.368,0.976,38.31
1757737014_000034__447148699,1757737014_000034,0.274,0.42,23.87,5.967,5.006,3.65,7.299,0.0,16.27
1757737014_000038__304627651,1757737014_000038,0.322,0.47,32.65,0.914,2.479,0.0,0.0,0.0,3.54
1757737581_000023__824310231,1757737581_000023,0.208,0.3,38.44,2.254,4.098,4.813,4.813,0.0,16.3
1757737581_000096__1627451841,1757737581_000096,0.256,0.38,48.73,1.47,3.088,7.805,0.0,0.826,33.78
1757737581_000065__1327358095,1757737581_000065,0.188,0.28,36.74,0.812,2.256,0.0,0.0,0.0,6.13
1757737581_000076__368268310,1757737581_000076,0.364,0.53,32.76,0.986,2.023,0.0,0.0,0.0,15.45
1757737581_000005__602725567,1757737581_000005,0.259,0.38,15.45,5.415,3.843,3.865,3.865,0.13,23.18
1757737581_000138__1612209435,1757737581_000138,0.362,0.53,29.47,1.242,3.414,5.524,2.762,0.0,10.43
1757737581_000087__208959992,1757737581_000087,0.313,0.47,41.03,1.133,2.566,0.0,3.193,1.0,34.68
1757737014_000031__958738493,1757737014_000031,0.282,0.42,49.65,1.546,2.249,3.552,0.0,0.92,37.83
1757737581_000057__227230614,1757737581_000057,0.452,0.65,36.19,1.257,3.163,4.422,4.422,0.154,20.31
1757737581_000136__990714109,1757737581_000136,0.37,0.55,47.77,2.458,5.099,16.213,16.213,0.758,37.74
1757737581_000036__278893831,1757737581_000036,0.274,0.4,38.65,1.446,3.103,7.306,7.306,0.208,27.99
1757737581_000020__1837853190,1757737581_000020,0.214,0.32,75.54,3.007,6.471,28.095,32.778,0.526,49.15
1757737581_000013__232109632,1757737581_000013,0.173,0.25,51.44,1.208,3.519,5.77,5.77,0.0,8.47
1757737581_000114__833648549,1757737581_000114,0.248,0.37,51.27,1.546,4.663,12.087,12.087,0.0,23.27
1757737581_000026__1167531350,1757737581_000026,0.204,0.3,53.03,1.881,5.061,9.78,19.561,0.222,35.75
1757737581_000034__1529445447,1757737581_000034,0.259,0.38,37.34,1.084,2.943,3.861,3.861,0.783,26.14
1757737581_000025__1808344102,1757737581_000025,0.285,0.42,71.87,3.122,7.845,17.524,31.544,1.0,69.15
1757737581_000058__1148815045,1757737581_000058,0.288,0.43,31.01,0.833,1.839,3.474,0.0,0.0,-3.29
1757737014_000017__76250028,1757737014_000017,0.442,0.63,31.89,6.174,5.847,6.788,6.788,0.526,31.33
1757737581_000047__1273200178,1757737581_000047,0.411,0.6,36.77,1.499,2.872,4.864,7.295,0.0,-1.44
1757737014_000051__1087275223,1757737014_000051,0.275,0.4,37.9,1.398,3.695,3.639,3.639,0.25,20.72
1757737014_000040__1458773494,1757737014_000040,0.403,0.58,35.92,4.238,5.265,2.482,9.926,0.4,24.87
1757737581_000035__566678874,1757737581_000035,0.329,0.48,17.1,2.001,2.402,6.072,0.0,0.0,1.77
1757737014_000035__733166537,1757737014_000035,0.315,0.47,24.04,1.338,3.219,3.175,3.175,0.0,0.67
1757737581_000026__1328278757,1757737581_000026,0.204,0.3,53.82,1.879,5.383,19.561,4.89,0.222,32.33
1757737581_000152__1775583415,1757737581_000152,0.36,0.52,36.39,1.378,3.118,2.776,5.551,0.0,18.09
1757737581_000074__1094383579,1757737581_000074,0.244,0.37,41.34,1.559,3.535,4.105,4.105,0.545,27.17
1757737581_000081__1534106360,1757737581_000081,0.385,0.57,32.15,4.075,6.33,12.986,10.389,0.206,23.14
1757737581_000032__1037853171,1757737581_000032,0.386,0.55,42.19,1.713,3.956,10.371,10.371,0.091,26.33
1757737581_000128__1607209056,1757737581_000128,0.419,0.6,38.15,1.101,2.264,0.0,2.389,0.139,19.34
1757737014_000004__750738159,1757737014_000004,0.439,0.63,46.21,1.739,5.068,6.836,20.508,0.0,18.39
1757737581_000146__1959017267,1757737581_000146,0.234,0.35,31.98,2.579,5.334,12.809,17.079,0.095,37.7
1757737014_000038__130863885,1757737014_000038,0.322,0.47,24.72,3.295,3.75,3.102,3.102,0.0,2.01
1757737581_000150__537741911,1757737581_000150,0.265,0.38,27.14,1.282,2.166,0.0,3.767,0.739,26.86
1757737014_000057__1953478863,1757737014_000057,0.298,0.43,22.13,0.653,1.726,0.0,0.0,0.115,11.01
1757737014_000024__997764663,1757737014_000024,0.399,0.57,38.84,1.607,4.233,10.018,10.018,0.824,32.58
1757737581_000068__175238529,1757737581_000068,0.219,0.33,36.93,1.058,2.289,4.572,0.0,0.0,10.53
1757737581_000093__557950440,1757737581_000093,0.234,0.35,42.53,1.433,3.649,8.541,8.541,0.048,26.65
1757737581_000110__478613803,1757737581_000110,0.34,0.5,40.04,1.38,2.912,2.943,2.943,0.0,22.91
1757737581_000113__953557689,1757737581_000113,0.23,0.33,25.9,0.835,2.106,0.0,0.0,0.0,-8.8
1757737014_000050__2132161743,1757737014_000050,0.298,0.43,40.15,5.053,6.698,13.432,13.432,0.692,30.4
1757737014_000009__318667156,1757737014_000009,0.373,0.53,22.84,1.335,3.213,2.68,2.68,0.0,3.58
1757737581_000102__1588544981,1757737581_000102,0.256,0.37,34.48,1.184,3.135,3.913,7.825,0.0,12.94
1757737581_000142__1035096629,1757737581_000142,0.319,0.47,23.08,0.627,1.453,0.0,0.0,0.0,-2.68
1757737581_000117__401776741,1757737581_000117,0.38,0.55,41.64,1.553,4.014,7.889,10.519,0.485,31.33
1757737581_000083__1638398344,1757737581_000083,0.362,0.53,36.1,4.478,3.963,8.298,0.0,0.469,27.57
1757737581_000045__1574684126,1757737581_000045,0.211,0.32,41.83,1.095,2.732,0.0,4.743,0.0,14.65
1757737581_000095__161021476,1757737581_000095,0.41,0.6,40.43,1.214,3.103,0.0,7.315,0.0,-1.07
1757737581_000118__76013615,1757737581_000118,0.359,0.52,22.31,0.967,2.471,2.787,2.787,0.0,7.58
1757737581_000068__1194904094,1757737581_000068,0.219,0.33,10.32,5.752,5.828,4.572,4.572,0.0,19.68
1757737581_000076__2070277521,1757737581_000076,0.364,0.53,18.73,4.95,3.547,5.494,2.747,0.0,16.31
1757737014_000008__2049481755,1757737014_000008,0.275,0.4,42.43,2.346,4.896,7.272,14.545,0.958,58.08
1757737581_000092__1406870020,1757737581_000092,0.208,0.32,37.09,1.452,3.977,4.813,4.813,0.158,20.78
1757737581_000036__77856423,1757737581_000036,0.274,0.4,31.25,1.573,3.855,3.653,3.653,0.0,13.01
1757737581_000032__1033107104,1757737581_000032,0.386,0.55,28.38,0.848,1.792,0.0,0.0,0.0,3.83
1757737581_000005__1577284400,1757737581_000005,0.259,0.38,25.72,0.762,1.811,0.0,0.0,0.0,4.78
1757737014_000032__132872952,1757737014_000032,0.276,0.4,41.17,1.514,3.059,7.239,7.239,0.042,26.05
1757737581_000120__89299298,1757737581_000120,0.151,0.23,29.8,1.613,5.101,6.628,13.256,0.0,11.67
1757737581_000052__39739935,1757737581_000052,0.402,0.58,35.46,1.508,3.618,7.457,2.486,0.057,23.86
1757737581_000129__1958525531,1757737581_000129,0.457,0.67,62.01,1.754,4.675,8.749,13.123,0.175,33.22
1757737581_000070__707867468,1757737581_000070,0.349,0.52,12.29,3.342,2.399,2.866,2.866,0.0,4.06
1757737581_000100__1689138415,1757737581_000100,0.354,0.52,32.07,1.484,3.742,8.463,2.821,0.0,13.08
1757737581_000107__1572292166,1757737581_000107,0.245,0.37,48.25,2.115,5.617,20.382,16.306,0.955,42.44
1757737581_000096__2038588802,1757737581_000096,0.256,0.38,38.84,1.957,4.039,3.903,15.611,0.217,37.77
1757737581_000031__1438235194,1757737581_000031,0.219,0.33,31.1,1.027,2.76,0.0,0.0,0.0,15.06
1757737581_000122__1263048689,1757737581_000122,0.326,0.48,24.05,0.765,1.851,0.0,0.0,0.0,9.21
1757737581_000021__1369836045,1757737581_000021,0.294,0.43,45.44,1.437,3.785,6.8,13.599,0.0,18.99
1757737581_000009__1637601229,1757737581_000009,0.138,0.2,39.97,1.315,4.358,7.269,21.807,0.417,22.06
1757737014_000050__682503603,1757737014_000050,0.298,0.43,49.25,2.127,5.869,20.148,16.79,0.808,37.77
1757737581_000098__126651495,1757737581_000098,0.205,0.3,32.86,0.967,1.996,0.0,0.0,0.0,11.43
1757737014_000047__1368301734,1757737014_000047,0.471,0.68,36.14,1.864,4.581,6.368,8.491,0.756,38.4
1757737014_000024__2048309760,1757737014_000024,0.399,0.57,33.21,5.278,5.0,7.514,7.514,0.735,31.43
1757737581_000009__351093975,1757737581_000009,0.138,0.2,23.37,0.783,1.634,0.0,0.0,0.0,3.08
1757737581_000021__443007475,1757737581_000021,0.294,0.43,48.94,2.229,4.815,13.599,10.2,0.077,27.77
1757737581_000096__680990784,1757737581_000096,0.256,0.38,44.71,1.461,3.273,3.903,3.903,0.565,32.13
1757737581_000076__1201215138,1757737581_000076,0.364,0.53,36.84,1.488,2.958,5.494,2.747,0.094,31.33
1757737581_000030__19459465,1757737581_000030,0.424,0.62,21.71,1.403,3.175,4.714,4.714,0.027,21.46
1757737581_000005__276528383,1757737581_000005,0.259,0.38,25.73,0.74,1.754,0.0,0.0,0.0,6.87
1757737581_000133__1521320116,1757737581_000133,0.249,0.37,41.92,1.193,2.7,0.0,8.025,0.0,10.44
1757737581_000043__240017968,1757737581_000043,0.244,0.35,22.89,1.473,3.711,4.102,4.102,0.048,24.39
1757737014_000010__1786786027,1757737014_000010,0.258,0.38,30.1,1.424,2.713,3.869,3.869,0.043,23.45
1757737014_000022__1170674508,1757737014_000022,0.405,0.58,26.32,0.839,1.777,2.472,0.0,0.743,17.38
1757737581_000106__577444709,1757737581_000106,0.242,0.37,43.01,1.532,4.199,8.279,4.14,0.364,32.39
1757737014_000052__1087157898,1757737014_000052,0.39,0.57,23.05,3.384,3.001,5.133,0.0,0.0,9.25
1757737014_000021__1535746008,1757737014_000021,0.198,0.3,46.18,1.15,2.71,5.044,0.0,0.0,19.37
1757737014_000004__10789537,1757737014_000004,0.439,0.63,55.11,1.483,3.155,4.557,9.115,0.0,23.45
1757737581_000098__1393841790,1757737581_000098,0.205,0.3,38.93,1.497,3.437,9.776,9.776,0.0,15.48
1757737581_000099__475895681,1757737581_000099,0.281,0.4,27.55,1.123,2.592,3.565,3.565,0.0,8.94
1757737581_000053__924323552,1757737581_000053,0.313,0.47,28.35,0.948,2.162,3.194,0.0,0.0,11.83
1757737581_000022__1031145672,1757737581_000022,0.265,0.4,44.68,1.517,4.224,3.775,7.55,0.708,26.92
1757737014_000017__1252195148,1757737014_000017,0.442,0.63,25.31,1.064,2.79,2.263,4.526,0.0,15.18
1757737581_000128__1864863339,1757737581_000128,0.419,0.6,29.94,1.123,2.468,4.778,2.389,0.028,18.01
1757737581_000128__983676247,1757737581_000128,0.419,0.6,30.49,1.085,2.613,2.389,2.389,0.0,13.61
1757737581_000109__758156366,1757737581_000109,0.458,0.67,35.51,1.969,4.461,8.738,13.107,0.025,25.66
1757737581_000034__1141312677,1757737581_000034,0.259,0.38,9.6,3.344,2.435,3.861,0.0,0.0,7.75
1757737581_000092__1219239486,1757737581_000092,0.208,0.32,26.83,0.869,1.734,0.0,0.0,0.0,6.17
1757737581_000020__367791997,1757737581_000020,0.214,0.32,75.43,2.208,5.598,28.095,23.413,0.474,49.15
1757737581_000062__422500597,1757737581_000062,0.379,0.55,56.08,2.14,4.216,10.555,10.555,0.0,29.6
1757737014_000036__242145050,1757737014_000036,0.253,0.38,39.74,1.158,3.007,3.945,3.945,0.0,17.17
1757737581_000041__339035329,1757737581_000041,0.436,0.63,45.95,1.627,3.209,6.884,4.589,0.0,17.07
1757737014_000024__1060945146,1757737014_000024,0.399,0.57,35.93,1.281,3.566,10.018,7.514,0.647,24.8
1757737581_000035__316263186,1757737581_000035,0.329,0.48,41.11,1.362,3.528,6.072,6.072,0.379,27.86
1757737014_000048__1257617092,1757737014_000048,0.376,0.55,36.49,2.571,4.939,10.651,10.651,0.182,30.15
1757737581_000042__303100555,1757737581_000042,0.282,0.42,52.37,3.2,5.354,10.642,10.642,0.96,53.22
1757737014_000051__1637880993,1757737014_000051,0.275,0.4,40.71,1.21,2.678,7.277,0.0,0.458,24.6
1757737581_000056__2087601918,1757737581_000056,0.185,0.28,34.57,0.818,2.024,0.0,0.0,0.0,-1.45
1757737581_000130__2122080765,1757737581_000130,0.455,0.67,22.67,1.323,2.543,2.197,2.197,0.0,4.19
1757737581_000048__1560502849,1757737581_000048,0.34,0.48,25.11,1.272,3.45,5.881,2.941,0.0,7.18
1757737581_000061__318986009,1757737581_000061,0.429,0.62,27.45,1.393,3.478,6.986,6.986,0.081,27.74
1757737581_000039__2063996633,1757737581_000039,0.298,0.43,35.49,1.0,1.635,0.0,0.0,0.0,16.99
1757737014_000056__539249253,1757737014_000056,0.204,0.3,32.37,1.193,2.504,0.0,0.0,0.0,13.78
1757737581_000051__2012625678,1757737581_000051,0.372,0.53,41.14,1.413,3.852,2.688,8.064,0.0,13.24
1757737581_000065__1284752129,1757737581_000065,0.188,0.28,29.71,1.022,2.3,0.0,0.0,0.0,0.51
1757737581_000056__1235642490,1757737581_000056,0.185,0.28,32.56,0.882,2.011,0.0,0.0,0.0,1.18
1757737581_000145__471970985,1757737581_000145,0.125,0.2,29.73,0.742,2.081,0.0,0.0,0.0,5.31
1757737581_000035__303036089,1757737581_000035,0.329,0.48,22.39,1.218,2.666,3.036,3.036,0.0,3.26
1757737581_000005__159055130,1757737581_000005,0.259,0.38,29.98,0.908,1.892,0.0,0.0,0.0,13.57
1757737014_000006__474765334,1757737014_000006,0.425,0.62,25.71,1.425,3.239,4.703,7.055,0.0,15.96
1757737581_000001__869375168,1757737581_000001,0.368,0.55,18.06,4.497,4.426,5.441,8.161,0.121,29.5
1757737014_000025__628436158,1757737014_000025,0.358,0.52,33.0,1.224,2.779,0.0,2.793,0.419,22.16
1757737581_000068__233146047,1757737581_000068,0.219,0.33,20.98,5.942,5.016,4.572,4.572,0.0,16.08
1757737581_000138__873193697,1757737581_000138,0.362,0.53,29.16,1.446,2.885,5.524,5.524,0.062,23.09
1757737581_000057__369537876,1757737581_000057,0.452,0.65,42.25,1.245,3.306,4.422,8.844,0.538,26.68
1757737581_000021__472302089,1757737581_000021,0.294,0.43,54.12,1.775,5.156,13.599,13.599,0.308,27.77
1757737014_000030__1588977663,1757737014_000030,0.396,0.57,44.94,1.527,3.508,5.049,7.574,0.206,26.33
1757737014_000044__324459795,1757737014_000044,0.328,0.5,34.55,5.496,6.283,9.15,12.2,0.167,26.33
1757737014_000059__149229635,1757737014_000059,0.259,0.38,39.36,1.983,4.031,7.717,7.717,0.826,31.47
1757737581_000025__732808568,1757737581_000025,0.285,0.42,79.33,1.761,4.032,7.01,17.524,1.0,66.57
1757737014_000001__1156700231,1757737014_000001,0.28,0.42,48.24,1.869,4.368,14.281,14.281,0.84,37.77
1757737014_000029__825774868,1757737014_000029,0.316,0.47,27.48,0.526,1.155,0.0,0.0,0.0,1.27
1757737014_000018__1260605184,1757737014_000018,0.247,0.37,31.0,0.766,1.866,0.0,0.0,0.0,-0.77
1757737581_000152__400127868,1757737581_000152,0.36,0.52,39.8,1.435,3.429,2.776,5.551,0.032,28.2
1757737014_000055__1438493098,1757737014_000055,0.305,0.47,12.37,2.851,2.542,3.275,0.0,0.036,10.7
1757737581_000130__1699437747,1757737581_000130,0.455,0.67,26.72,1.209,2.844,4.394,4.394,0.0,15.47
1757737581_000095__1871824347,1757737581_000095,0.41,0.6,36.25,4.71,5.833,4.877,9.753,0.0,4.25
1757737581_000140__352776841,1757737581_000140,0.234,0.35,4.97,3.391,3.487,4.274,0.0,0.0,3.22
1757737014_000029__1021140045,1757737014_000029,0.316,0.47,35.94,1.68,3.726,3.163,6.327,0.036,26.33
1757737014_000058__1221062332,1757737014_000058,0.422,0.62,37.62,1.281,2.835,0.0,7.107,0.0,-1.25
1757737014_000035__179470564,1757737014_000035,0.315,0.47,35.29,4.165,4.606,6.35,6.35,0.0,18.2
1757737581_000035__1822608916,1757737581_000035,0.329,0.48,26.98,1.423,3.448,3.036,3.036,0.0,10.04
1757737014_000038__1867826055,1757737014_000038,0.322,0.47,36.21,1.338,3.087,3.102,6.203,0.0,9.85
1757737581_000034__1721641114,1757737581_000034,0.259,0.38,23.52,0.89,2.129,0.0,3.861,0.0,9.57
1757737581_000025__883871803,1757737581_000025,0.285,0.42,66.24,2.348,5.364,17.524,14.019,1.0,58.55
1757737581_000065__793749134,1757737581_000065,0.188,0.28,33.17,1.386,3.312,5.331,10.663,0.0,4.97
1757737581_000133__1112115866,1757737581_000133,0.249,0.37,40.9,1.532,3.349,12.038,8.025,0.0,15.27
1757737581_000134__1350106593,1757737581_000134,0.078,0.13,37.55,1.983,2.753,12.752,12.752,0.0,3.12
1757737014_000014__1680849930,1757737014_000014,0.348,0.52,30.19,6.353,5.787,5.748,5.748,0.194,24.81
1757737581_000034__1169585853,1757737581_000034,0.259,0.38,36.64,0.857,2.32,3.861,0.0,0.826,22.45
1757737581_000040__695754253,1757737581_000040,0.306,0.45,19.92,1.671,2.293,3.272,0.0,0.0,5.34
1757737014_000029__1665358234,1757737014_000029,0.316,0.47,29.82,1.048,2.727,3.163,3.163,0.0,6.93
1757737014_000011__595268126,1757737014_000011,0.406,0.58,40.04,1.537,3.477,9.858,12.322,0.429,23.81
1757737581_000002__721724098,1757737581_000002,0.142,0.22,66.09,2.315,6.203,21.148,21.148,0.0,31.03
1757737581_000026__978102854,1757737581_000026,0.204,0.3,43.93,1.205,3.302,4.89,4.89,0.0,18.82
1757737581_000026__1129953094,1757737581_000026,0.204,0.3,61.97,2.482,4.838,14.671,14.671,0.611,41.4
1757737581_000010__968039554,1757737581_000010,0.376,0.55,51.57,1.573,4.72,5.32,15.961,1.0,50.42
1757737581_000053__1448048493,1757737581_000053,0.313,0.47,23.04,1.472,3.482,3.194,3.194,0.0,6.42
1757737581_000145__448758789,1757737581_000145,0.125,0.2,51.64,1.007,1.561,0.0,0.0,0.583,26.6
1757737581_000096__519226117,1757737581_000096,0.256,0.38,36.78,1.49,2.962,3.903,0.0,0.174,25.11
1757737581_000085__972264922,1757737581_000085,0.179,0.27,28.69,0.806,2.545,5.59,0.0,0.0,8.21
1757737581_000091__1009956699,1757737581_000091,0.339,0.5,26.71,1.155,3.005,5.892,2.946,0.1,15.82
1757737581_000087__774690221,1757737581_000087,0.313,0.47,44.23,1.903,5.343,22.348,6.385,0.964,40.57
1757737014_000058__1811469853,1757737014_000058,0.422,0.62,25.82,1.009,2.28,4.738,2.369,0.0,-14.72
1757737581_000125__2065613087,1757737581_000125,0.288,0.42,43.99,1.917,5.087,10.419,13.892,0.68,31.86
1757737581_000084__1934257129,1757737581_000084,0.398,0.58,27.08,1.146,2.742,2.511,2.511,0.0,0.81
1757737581_000101__1405295864,1757737581_000101,0.433,0.63,25.89,4.87,5.161,9.232,13.848,0.0,10.18
1757737581_000109__1101968137,1757737581_000109,0.458,0.67,44.66,1.856,4.114,6.554,6.554,0.2,27.43
1757737014_000012__1410669191,1757737014_000012,0.335,0.48,12.13,4.684,3.272,2.986,2.986,0.0,10.99
1757737581_000001__1389137732,1757737581_000001,0.368,0.55,28.43,1.226,2.855,2.72,5.441,0.03,24.19
1757737014_000000__1771620183,1757737014_000000,0.248,0.37,47.97,3.006,6.561,20.165,16.132,0.455,31.43
1757737581_000100__1185314544,1757737581_000100,0.354,0.52,39.62,1.251,3.062,2.821,5.642,0.0,17.28
1757737014_000055__2134419753,1757737014_000055,0.305,0.47,15.77,3.683,3.531,6.551,9.826,0.357,17.28
1757737581_000086__1191732590,1757737581_000086,0.254,0.37,42.69,0.903,2.208,3.932,3.932,0.591,26.74
1757737581_000096__618414026,1757737581_000096,0.256,0.38,32.88,1.099,3.13,3.903,7.805,0.0,13.92
1757737581_000004__504028667,1757737581_000004,0.292,0.43,37.56,1.214,2.665,3.425,3.425,0.0,19.55
1757737581_000047__2074107328,1757737581_000047,0.411,0.6,30.52,2.793,3.854,4.864,4.864,0.0,-8.46
1757737581_000074__1347094776,1757737581_000074,0.244,0.37,52.92,1.463,4.237,8.21,12.314,1.0,37.95
1757737581_000104__1055619826,1757737581_000104,0.198,0.3,28.85,0.991,2.691,0.0,5.048,0.0,9.45
1757737014_000058__2037479263,1757737014_000058,0.422,0.62,17.22,4.017,2.49,2.369,0.0,0.0,-14.47
1757737581_000134__58854549,1757737581_000134,0.078,0.13,46.74,2.131,2.198,0.0,12.752,0.0,14.68
1757737581_000104__54126923,1757737581_000104,0.198,0.3,40.14,0.981,1.832,5.048,0.0,0.278,21.36
1757737581_000113__934805405,1757737581_000113,0.23,0.33,29.08,1.149,3.158,4.356,0.0,0.0,-2.75
1757737581_000087__1829582684,1757737581_000087,0.313,0.47,42.35,1.319,2.918,3.193,3.193,1.0,36.47
1757737581_000027__125263649,1757737581_000027,0.278,0.4,40.01,1.044,2.395,0.0,0.0,0.333,22.65
1757737581_000052__324219956,1757737581_000052,0.402,0.58,39.49,1.499,3.598,2.486,4.971,0.314,31.33
1757737581_000015__564195346,1757737581_000015,0.335,0.5,36.53,1.372,3.337,2.987,2.987,0.1,19.47
1757737581_000116__1393006153,1757737581_000116,0.291,0.43,40.95,2.093,4.308,3.438,3.438,0.462,29.31
1757737581_000121__1056592244,1757737581_000121,0.425,0.62,34.38,1.925,4.438,7.055,7.055,0.027,20.04
1757737581_000144__613802844,1757737581_000144,0.388,0.57,41.09,1.969,4.879,15.481,15.481,0.0,13.57
1757737581_000008__444731190,1757737581_000008,0.218,0.32,29.45,1.104,2.747,0.0,4.589,0.0,12.7
1757737014_000002__1378692035,1757737014_000002,0.46,0.67,36.82,1.156,2.903,6.518,4.345,0.1,20.31
1757737014_000017__261101612,1757737014_000017,0.442,0.63,40.46,1.693,3.2,6.788,6.788,0.447,24.07
1757737581_000060__1087566011,1757737581_000060,0.204,0.3,72.19,2.891,6.778,24.568,14.741,0.778,50.82
1757737014_000003__271307355,1757737014_000003,0.461,0.67,37.0,6.233,6.111,15.179,13.011,0.725,42.77
1757737014_000022__753734486,1757737014_000022,0.405,0.58,25.4,0.667,1.743,0.0,0.0,0.429,14.51
1757737581_000109__1710705555,1757737581_000109,0.458,0.67,47.96,1.662,4.0,10.923,6.554,0.3,29.76
1757737014_000041__1719400067,1757737014_000041,0.429,0.62,34.17,1.239,3.096,4.664,4.664,0.0,17.33
1757737581_000095__797067993,1757737581_000095,0.41,0.6,38.62,1.347,3.038,4.877,4.877,0.0,2.04
1757737581_000031__257768651,1757737581_000031,0.219,0.33,41.66,1.438,2.338,4.564,0.0,0.4,26.25
1757737581_000122__1220689875,1757737581_000122,0.326,0.48,16.48,3.127,3.037,3.07,3.07,0.0,8.22
1757737014_000002__597606595,1757737014_000002,0.46,0.67,39.49,1.023,2.676,4.345,0.0,0.25,22.76
1757737581_000151__50894108,1757737581_000151,0.293,0.43,36.56,1.285,3.146,3.413,6.826,0.115,20.03
1757737581_000048__943594439,1757737581_000048,0.34,0.48,9.53,3.962,3.099,2.941,2.941,0.0,9.47
1757737581_000151__1245403165,1757737581_000151,0.293,0.43,28.97,1.933,4.584,6.826,6.826,0.0,11.87
1757737014_000016__1647829712,1757737014_000016,0.312,0.45,24.43,0.652,1.378,0.0,0.0,0.0,3.05
1757737014_000054__592752249,1757737014_000054,0.233,0.35,48.97,1.25,2.903,8.596,0.0,0.0,19.02
1757737014_000052__1647098706,1757737014_000052,0.39,0.57,28.06,0.802,1.828,0.0,0.0,0.0,8.78
1757737581_000135__143212046,1757737581_000135,0.334,0.48,17.13,5.365,4.832,5.979,8.969,0.069,21.72
1757737581_000084__1443417598,1757737581_000084,0.398,0.58,24.51,1.381,3.382,2.511,5.022,0.0,-12.72
1757737581_000141__187624483,1757737581_000141,0.438,0.63,14.1,3.976,1.994,2.283,0.0,0.0,11.26
1757737014_000030__2101511412,1757737014_000030,0.396,0.57,29.68,0.985,2.345,2.525,0.0,0.0,4.68
1757737014_000002__949504899,1757737014_000002,0.46,0.67,33.09,1.754,3.639,8.691,8.691,0.025,20.7
1757737581_000038__967501316,1757737581_000038,0.214,0.32,29.19,1.016,3.106,9.339,4.67,0.0,13.06
1757737581_000132__1206791716,1757737581_000132,0.172,0.25,55.17,1.639,4.183,11.602,11.602,0.0,26.92
1757737581_000010__782371993,1757737581_000010,0.376,0.55,35.37,1.277,3.4,2.66,5.32,1.0,37.28
1757737581_000090__1088887003,1757737581_000090,0.216,0.32,22.27,0.746,1.533,0.0,0.0,0.0,4.13
1757737581_000022__1180581352,1757737581_000022,0.265,0.4,30.19,2.048,4.591,11.325,15.099,0.083,31.12
1757737014_000041__1114034469,1757737014_000041,0.429,0.62,37.89,1.028,2.205,2.332,0.0,0.0,14.0
1757737581_000134__92899005,1757737581_000134,0.078,0.13,40.69,1.114,1.987,0.0,0.0,0.0,-0.47
1757737581_000127__1991032467,1757737581_000127,0.369,0.53,27.1,0.689,1.404,0.0,0.0,0.0,-11.67
1757737581_000120__880314667,1757737581_000120,0.151,0.23,33.06,1.172,2.908,6.628,0.0,0.071,18.25
1757737014_000024__118259288,1757737014_000024,0.399,0.57,28.98,5.662,4.784,5.009,5.009,0.676,31.68
1757737581_000138__1320740719,1757737581_000138,0.362,0.53,33.04,1.868,4.588,13.81,13.81,0.031,26.34
1757737581_000024__1851870367,1757737581_000024,0.205,0.3,51.17,1.681,3.685,4.875,4.875,0.5,30.29
1757737014_000047__196535058,1757737014_000047,0.471,0.68,26.66,1.153,2.974,2.123,2.123,0.0,13.72
1757737014_000034__950812401,1757737014_000034,0.274,0.42,21.57,4.963,2.97,3.65,0.0,0.0,8.72
1757737581_000123__678624528,1757737581_000123,0.09,0.13,39.78,1.409,3.299,0.0,22.341,0.0,8.91
1757737581_000070__558410217,1757737581_000070,0.349,0.52,36.46,1.468,3.121,8.597,2.866,0.097,29.7
1757737014_000057__559197870,1757737014_000057,0.298,0.43,28.0,1.027,2.938,3.355,0.0,0.769,22.23
1757737581_000023__1009480733,1757737581_000023,0.208,0.3,24.56,4.313,4.443,4.813,4.813,0.0,9.11
1757737581_000097__327123711,1757737581_000097,0.23,0.33,50.38,2.051,4.735,13.025,13.025,0.85,40.89
1757737581_000069__1246619444,1757737581_000069,0.37,0.53,33.98,1.637,4.254,8.102,5.401,0.062,27.32
1757737014_000008__927772119,1757737014_000008,0.275,0.4,55.21,1.666,4.071,10.909,7.272,1.0,49.47
1757737581_000117__485112086,1757737581_000117,0.38,0.55,33.14,3.548,3.973,7.889,0.0,0.091,19.11
1757737581_000013__117857852,1757737581_000013,0.173,0.25,71.97,2.42,5.315,17.311,17.311,0.067,39.12
1757737014_000038__1140330553,1757737014_000038,0.322,0.47,26.23,3.624,4.136,6.203,6.203,0.0,15.01
1757737581_000149__965666365,1757737581_000149,0.106,0.17,86.39,2.063,3.894,18.801,28.201,0.2,46.93
1757737581_000046__2065130982,1757737581_000046,0.212,0.32,47.33,1.241,2.975,4.715,0.0,0.211,28.99
1757737581_000078__417537273,1757737581_000078,0.283,0.42,30.63,0.783,1.927,0.0,0.0,0.08,16.41
1757737581_000062__1590560014,1757737581_000062,0.379,0.55,45.96,5.646,5.532,13.193,7.916,0.0,25.98
1757737581_000087__1650380656,1757737581_000087,0.313,0.47,47.77,1.474,3.78,9.578,6.385,1.0,41.27
1757737581_000143__191104905,1757737581_000143,0.276,0.42,30.97,1.171,2.555,0.0,0.0,0.0,7.33
1757737581_000141__32181425,1757737581_000141,0.438,0.63,45.75,1.752,4.894,15.981,11.415,0.711,31.33
1757737581_000131__780229444,1757737581_000131,0.321,0.47,30.76,6.031,4.856,12.477,9.357,0.0,21.33
1757737581_000001__670718357,1757737581_000001,0.368,0.55,30.14,0.99,2.326,0.0,0.0,0.212,15.72
1757737581_000067__641253576,1757737581_000067,0.318,0.48,31.96,0.856,2.038,0.0,3.14,0.0,-8.65
1757737581_000044__1263833771,1757737581_000044,0.41,0.6,34.76,1.568,3.294,7.324,4.883,0.056,29.15
1757737014_000019__516204788,1757737014_000019,0.189,0.28,43.95,1.282,3.192,5.278,5.278,0.765,24.36
1757737581_000025__1951619856,1757737581_000025,0.285,0.42,55.18,10.687,8.022,17.524,17.524,0.68,69.15
1757737014_000054__1236251801,1757737014_000054,0.233,0.35,46.89,1.671,3.891,0.0,8.596,0.0,18.96
1757737581_000141__716375739,1757737581_000141,0.438,0.63,32.33,1.594,4.189,9.132,6.849,0.026,18.77
1757737581_000090__519235625,1757737581_000090,0.216,0.32,28.06,1.065,1.95,0.0,0.0,0.0,11.48
1757737581_000084__1223883132,1757737581_000084,0.398,0.58,44.24,1.449,3.882,5.022,15.065,0.0,11.33
1757737581_000128__887042012,1757737581_000128,0.419,0.6,37.18,1.153,3.063,2.389,7.167,0.111,21.29
1757737581_000074__97337766,1757737581_000074,0.244,0.37,37.97,1.342,3.452,8.21,4.105,0.227,22.03
1757737581_000052__560862394,1757737581_000052,0.402,0.58,22.38,1.52,3.425,7.457,4.971,0.0,14.42
1757737014_000036__1705519534,1757737014_000036,0.253,0.38,6.35,3.357,2.192,3.945,0.0,0.0,3.22
1757737581_000145__287521553,1757737581_000145,0.125,0.2,28.74,0.948,2.223,0.0,0.0,0.0,4.09
1757737014_000005__1931345804,1757737014_000005,0.398,0.58,19.45,1.135,2.629,2.51,2.51,0.029,11.77
1757737014_000056__532541524,1757737014_000056,0.204,0.3,40.6,1.005,2.146,0.0,4.892,0.444,22.16
1757737014_000014__1140014365,1757737014_000014,0.348,0.52,39.34,1.188,2.238,2.874,0.0,0.0,17.7
1757737581_000000__732821948,1757737581_000000,0.309,0.45,45.27,1.546,4.36,9.697,9.697,0.667,31.33
1757737581_000122__2032815480,1757737581_000122,0.326,0.48,30.17,0.844,1.788,0.0,0.0,0.103,19.73
1757737581_000083__1754080206,1757737581_000083,0.362,0.53,32.48,1.116,2.531,2.766,0.0,0.0,14.98
1757737014_000034__959253400,1757737014_000034,0.274,0.42,46.57,1.086,2.487,3.65,0.0,0.0,19.44
1757737581_000110__1019871487,1757737581_000110,0.34,0.5,49.19,1.508,3.449,8.828,2.943,0.033,32.06
1757737581_000069__1275475873,1757737581_000069,0.37,0.53,40.52,1.517,4.55,10.802,10.802,0.469,27.46
1757737581_000085__591354467,1757737581_000085,0.179,0.27,22.43,0.715,1.426,0.0,0.0,0.0,2.38
1757737014_000044__410832445,1757737014_000044,0.328,0.5,43.97,1.506,3.534,6.1,6.1,0.1,26.33
1757737014_000054__650451436,1757737014_000054,0.233,0.35,38.04,1.365,4.481,17.192,12.894,0.0,9.4
1757737014_000019__224662136,1757737014_000019,0.189,0.28,38.97,1.622,4.415,5.278,5.278,0.294,29.87
1757737581_000099__712873822,1757737581_000099,0.281,0.4,43.01,1.348,3.802,7.13,3.565,0.583,31.33
1757737014_000024__1755878883,1757737014_000024,0.399,0.57,35.49,1.179,2.048,0.0,0.0,0.647,22.68
1757737581_000096__2115115823,1757737581_000096,0.256,0.38,40.1,1.072,2.052,0.0,0.0,0.348,21.37
1757737581_000139__1797708676,1757737581_000139,0.392,0.58,31.45,1.041,2.199,2.549,0.0,0.0,12.62
1757737581_000120__263452733,1757737581_000120,0.151,0.23,34.02,0.777,1.856,0.0,0.0,0.0,14.36
1757737014_000007__326203958,1757737014_000007,0.404,0.58,23.8,0.909,2.24,0.0,2.476,0.314,17.03
1757737581_000030__2138227177,1757737581_000030,0.424,0.62,22.43,0.749,1.895,0.0,0.0,0.0,7.66
1757737014_000040__787549527,1757737014_000040,0.403,0.58,32.54,1.786,4.12,4.963,12.408,0.029,31.33
1757737014_000013__1354163429,1757737014_000013,0.449,0.65,23.38,0.839,2.095,0.0,0.0,0.0,3.79
1757737581_000081__662340450,1757737581_000081,0.385,0.57,38.25,1.28,2.846,2.597,5.194,0.176,24.09
